Common.Name,Latin.Name,A.not.B.Y.N,Cylinder.Y.N,Task,Score,Composite.Score,Sex,Age,Population,Subject
Asian elephant,Elephas maximus,Y,N,Cylinder.Task,NA,NA,F,3,Golden Triangle Asian Elephant Foundation,Am
Asian elephant,Elephas maximus,Y,N,Cylinder.Task,NA,NA,F,33,Golden Triangle Asian Elephant Foundation,Bo
Asian elephant,Elephas maximus,Y,N,Cylinder.Task,NA,NA,F,10,Golden Triangle Asian Elephant Foundation,NamFon
Asian elephant,Elephas maximus,Y,N,Cylinder.Task,NA,NA,M,10,Golden Triangle Asian Elephant Foundation,Pepsi
Asian elephant,Elephas maximus,Y,N,Cylinder.Task,NA,NA,F,16,Golden Triangle Asian Elephant Foundation,Ploy
Asian elephant,Elephas maximus,Y,N,Cylinder.Task,NA,NA,M,40,Golden Triangle Asian Elephant Foundation,Puki
Asian elephant,Elephas maximus,Y,N,Cylinder.Task,NA,NA,F,4,Golden Triangle Asian Elephant Foundation,TangMo
Asian elephant,Elephas maximus,Y,N,A.not.B.Task,0,NA,F,3,Golden Triangle Asian Elephant Foundation,Am
Asian elephant,Elephas maximus,Y,N,A.not.B.Task,0,NA,F,33,Golden Triangle Asian Elephant Foundation,Bo
Asian elephant,Elephas maximus,Y,N,A.not.B.Task,0,NA,F,10,Golden Triangle Asian Elephant Foundation,NamFon
Asian elephant,Elephas maximus,Y,N,A.not.B.Task,0,NA,M,10,Golden Triangle Asian Elephant Foundation,Pepsi
Asian elephant,Elephas maximus,Y,N,A.not.B.Task,0,NA,F,16,Golden Triangle Asian Elephant Foundation,Ploy
Asian elephant,Elephas maximus,Y,N,A.not.B.Task,0,NA,M,40,Golden Triangle Asian Elephant Foundation,Puki
Asian elephant,Elephas maximus,Y,N,A.not.B.Task,0,NA,F,4,Golden Triangle Asian Elephant Foundation,TangMo
aye aye,Daubentonia madagascariensis,N,Y,Cylinder.Task,51,NA,F,5,Duke Lemur Center,Angelique
aye aye,Daubentonia madagascariensis,N,Y,Cylinder.Task,51,NA,F,14,Duke Lemur Center,Ardrey
aye aye,Daubentonia madagascariensis,N,Y,Cylinder.Task,51,NA,F,16,Duke Lemur Center,Caliban
aye aye,Daubentonia madagascariensis,N,Y,Cylinder.Task,51,NA,M,5,Duke Lemur Center,Hitchcock
aye aye,Daubentonia madagascariensis,N,Y,Cylinder.Task,51,NA,F,12,Duke Lemur Center,Kali
aye aye,Daubentonia madagascariensis,N,Y,Cylinder.Task,51,NA,F,9,Duke Lemur Center,Lucrezia
aye aye,Daubentonia madagascariensis,N,Y,Cylinder.Task,51,NA,F,6,Duke Lemur Center,Medea
aye aye,Daubentonia madagascariensis,N,Y,Cylinder.Task,51,NA,M,16,Duke Lemur Center,Merlin
aye aye,Daubentonia madagascariensis,N,Y,Cylinder.Task,51,NA,M,25,Duke Lemur Center,Nosferatu
aye aye,Daubentonia madagascariensis,N,Y,Cylinder.Task,51,NA,M,24,Duke Lemur Center,Poe
aye aye,Daubentonia madagascariensis,N,Y,A.not.B.Task,NA,NA,F,5,Duke Lemur Center,Angelique
aye aye,Daubentonia madagascariensis,N,Y,A.not.B.Task,NA,NA,F,14,Duke Lemur Center,Ardrey
aye aye,Daubentonia madagascariensis,N,Y,A.not.B.Task,NA,NA,F,16,Duke Lemur Center,Caliban
aye aye,Daubentonia madagascariensis,N,Y,A.not.B.Task,NA,NA,M,5,Duke Lemur Center,Hitchcock
aye aye,Daubentonia madagascariensis,N,Y,A.not.B.Task,NA,NA,F,12,Duke Lemur Center,Kali
aye aye,Daubentonia madagascariensis,N,Y,A.not.B.Task,NA,NA,F,9,Duke Lemur Center,Lucrezia
aye aye,Daubentonia madagascariensis,N,Y,A.not.B.Task,NA,NA,F,6,Duke Lemur Center,Medea
aye aye,Daubentonia madagascariensis,N,Y,A.not.B.Task,NA,NA,M,16,Duke Lemur Center,Merlin
aye aye,Daubentonia madagascariensis,N,Y,A.not.B.Task,NA,NA,M,25,Duke Lemur Center,Nosferatu
aye aye,Daubentonia madagascariensis,N,Y,A.not.B.Task,NA,NA,M,24,Duke Lemur Center,Poe
black lemur,Eulemur macaco,Y,Y,Cylinder.Task,51,55.5,M,22,Duke Lemur Center,Barrymore
black lemur,Eulemur macaco,Y,N,Cylinder.Task,51,55.5,M,21,Duke Lemur Center,Deucalion
black lemur,Eulemur macaco,N,Y,Cylinder.Task,51,55.5,F,12,Duke Lemur Center,Foster
black lemur,Eulemur macaco,Y,Y,Cylinder.Task,51,55.5,F,18,Duke Lemur Center,Harlow
black lemur,Eulemur macaco,Y,N,Cylinder.Task,51,55.5,F,26,Duke Lemur Center,Harmonia
black lemur,Eulemur macaco,Y,Y,Cylinder.Task,51,55.5,M,26,Duke Lemur Center,Hesperus
black lemur,Eulemur macaco,Y,N,Cylinder.Task,51,55.5,M,14,Duke Lemur Center,Hopkins
black lemur,Eulemur macaco,Y,Y,Cylinder.Task,51,55.5,F,21,Duke Lemur Center,L'amour
black lemur,Eulemur macaco,Y,N,Cylinder.Task,51,55.5,F,26,Duke Lemur Center,Latona
black lemur,Eulemur macaco,N,Y,Cylinder.Task,51,55.5,M,17,Duke Lemur Center,Olivier
black lemur,Eulemur macaco,Y,Y,Cylinder.Task,51,55.5,M,9,Duke Lemur Center,Quinn
black lemur,Eulemur macaco,Y,Y,Cylinder.Task,51,55.5,M,18,Duke Lemur Center,Redford
black lemur,Eulemur macaco,N,Y,Cylinder.Task,51,55.5,M,9,Duke Lemur Center,Tarantino
black lemur,Eulemur macaco,N,Y,Cylinder.Task,51,55.5,M,20,Duke Lemur Center,Teucer
black lemur,Eulemur macaco,Y,Y,A.not.B.Task,60,55.5,M,22,Duke Lemur Center,Barrymore
black lemur,Eulemur macaco,Y,N,A.not.B.Task,60,55.5,M,21,Duke Lemur Center,Deucalion
black lemur,Eulemur macaco,N,Y,A.not.B.Task,60,55.5,F,12,Duke Lemur Center,Foster
black lemur,Eulemur macaco,Y,Y,A.not.B.Task,60,55.5,F,18,Duke Lemur Center,Harlow
black lemur,Eulemur macaco,Y,N,A.not.B.Task,60,55.5,F,26,Duke Lemur Center,Harmonia
black lemur,Eulemur macaco,Y,Y,A.not.B.Task,60,55.5,M,26,Duke Lemur Center,Hesperus
black lemur,Eulemur macaco,Y,N,A.not.B.Task,60,55.5,M,14,Duke Lemur Center,Hopkins
black lemur,Eulemur macaco,Y,Y,A.not.B.Task,60,55.5,F,21,Duke Lemur Center,L'amour
black lemur,Eulemur macaco,Y,N,A.not.B.Task,60,55.5,F,26,Duke Lemur Center,Latona
black lemur,Eulemur macaco,N,Y,A.not.B.Task,60,55.5,M,17,Duke Lemur Center,Olivier
black lemur,Eulemur macaco,Y,Y,A.not.B.Task,60,55.5,M,9,Duke Lemur Center,Quinn
black lemur,Eulemur macaco,Y,Y,A.not.B.Task,60,55.5,M,18,Duke Lemur Center,Redford
black lemur,Eulemur macaco,N,Y,A.not.B.Task,60,55.5,M,9,Duke Lemur Center,Tarantino
black lemur,Eulemur macaco,N,Y,A.not.B.Task,60,55.5,M,20,Duke Lemur Center,Teucer
bonobo,Pan paniscus,N,Y,Cylinder.Task,95,97.5,F,2,MPI - Leipzig,Fimi
bonobo,Pan paniscus,Y,Y,Cylinder.Task,95,97.5,M,28,MPI - Leipzig,Joey
bonobo,Pan paniscus,Y,Y,Cylinder.Task,95,97.5,M,14,MPI - Leipzig,Kuno
bonobo,Pan paniscus,Y,Y,Cylinder.Task,95,97.5,F,5,MPI - Leipzig,Luiza
bonobo,Pan paniscus,N,Y,Cylinder.Task,95,97.5,F,17,MPI - Leipzig,Ulindi
bonobo,Pan paniscus,N,Y,Cylinder.Task,95,97.5,F,13,MPI - Leipzig,Yasa
bonobo,Pan paniscus,Y,N,Cylinder.Task,95,97.5,M,14,MPI-Leipzig,Limbuko
bonobo,Pan paniscus,N,Y,A.not.B.Task,100,97.5,F,2,MPI - Leipzig,Fimi
bonobo,Pan paniscus,Y,Y,A.not.B.Task,100,97.5,M,28,MPI - Leipzig,Joey
bonobo,Pan paniscus,Y,Y,A.not.B.Task,100,97.5,M,14,MPI - Leipzig,Kuno
bonobo,Pan paniscus,Y,Y,A.not.B.Task,100,97.5,F,5,MPI - Leipzig,Luiza
bonobo,Pan paniscus,N,Y,A.not.B.Task,100,97.5,F,17,MPI - Leipzig,Ulindi
bonobo,Pan paniscus,N,Y,A.not.B.Task,100,97.5,F,13,MPI - Leipzig,Yasa
bonobo,Pan paniscus,Y,N,A.not.B.Task,100,97.5,M,14,MPI-Leipzig,Limbuko
brown lemur,Eulemur fulvus,N,Y,Cylinder.Task,43.3,NA,M,29,Duke Lemur Center,Alphonse
brown lemur,Eulemur fulvus,N,Y,Cylinder.Task,43.3,NA,M,27,Duke Lemur Center,Fiery
brown lemur,Eulemur fulvus,N,Y,Cylinder.Task,43.3,NA,F,25,Duke Lemur Center,Francoise
brown lemur,Eulemur fulvus,N,Y,Cylinder.Task,43.3,NA,F,26,Duke Lemur Center,Frigga
brown lemur,Eulemur fulvus,N,Y,Cylinder.Task,43.3,NA,F,21,Duke Lemur Center,Geraldine
brown lemur,Eulemur fulvus,N,Y,Cylinder.Task,43.3,NA,M,22,Duke Lemur Center,Giscard
brown lemur,Eulemur fulvus,N,Y,Cylinder.Task,43.3,NA,M,23,Duke Lemur Center,Jules
brown lemur,Eulemur fulvus,N,Y,Cylinder.Task,43.3,NA,M,23,Duke Lemur Center,Kish
brown lemur,Eulemur fulvus,N,Y,Cylinder.Task,43.3,NA,F,23,Duke Lemur Center,Martine
brown lemur,Eulemur fulvus,N,Y,Cylinder.Task,43.3,NA,F,15,Duke Lemur Center,Wizard
brown lemur,Eulemur fulvus,N,Y,A.not.B.Task,NA,NA,M,29,Duke Lemur Center,Alphonse
brown lemur,Eulemur fulvus,N,Y,A.not.B.Task,NA,NA,M,27,Duke Lemur Center,Fiery
brown lemur,Eulemur fulvus,N,Y,A.not.B.Task,NA,NA,F,25,Duke Lemur Center,Francoise
brown lemur,Eulemur fulvus,N,Y,A.not.B.Task,NA,NA,F,26,Duke Lemur Center,Frigga
brown lemur,Eulemur fulvus,N,Y,A.not.B.Task,NA,NA,F,21,Duke Lemur Center,Geraldine
brown lemur,Eulemur fulvus,N,Y,A.not.B.Task,NA,NA,M,22,Duke Lemur Center,Giscard
brown lemur,Eulemur fulvus,N,Y,A.not.B.Task,NA,NA,M,23,Duke Lemur Center,Jules
brown lemur,Eulemur fulvus,N,Y,A.not.B.Task,NA,NA,M,23,Duke Lemur Center,Kish
brown lemur,Eulemur fulvus,N,Y,A.not.B.Task,NA,NA,F,23,Duke Lemur Center,Martine
brown lemur,Eulemur fulvus,N,Y,A.not.B.Task,NA,NA,F,15,Duke Lemur Center,Wizard
capuchin monkey,Cebus apella,Y,N,Cylinder.Task,95.9,91.1,F,22,ISTC-CNR Primate Centre,Brahms
capuchin monkey,Cebus apella,N,Y,Cylinder.Task,95.9,91.1,M,32,ISTC-CNR Primate Centre,Cammello
capuchin monkey,Cebus apella,N,Y,Cylinder.Task,95.9,91.1,F,27,ISTC-CNR Primate Centre,Carlotta
capuchin monkey,Cebus apella,Y,N,Cylinder.Task,95.9,91.1,M,17,ISTC-CNR Primate Centre,Cognac
capuchin monkey,Cebus apella,Y,N,Cylinder.Task,95.9,91.1,F,8,ISTC-CNR Primate Centre,Pandora
capuchin monkey,Cebus apella,Y,N,Cylinder.Task,95.9,91.1,F,10,ISTC-CNR Primate Centre,Panna
capuchin monkey,Cebus apella,N,Y,Cylinder.Task,95.9,91.1,F,21,ISTC-CNR Primate Centre,Paprica
capuchin monkey,Cebus apella,Y,N,Cylinder.Task,95.9,91.1,M,13,ISTC-CNR Primate Centre,Patè
capuchin monkey,Cebus apella,Y,Y,Cylinder.Task,95.9,91.1,M,"3(a), 9(b)",ISTC-CNR Primate Centre,Pedro
capuchin monkey,Cebus apella,Y,N,Cylinder.Task,95.9,91.1,F,5,ISTC-CNR Primate Centre,Penelope
capuchin monkey,Cebus apella,Y,N,Cylinder.Task,95.9,91.1,M,17,ISTC-CNR Primate Centre,Pepe
capuchin monkey,Cebus apella,Y,N,Cylinder.Task,95.9,91.1,F,23,ISTC-CNR Primate Centre,Pippi
capuchin monkey,Cebus apella,Y,N,Cylinder.Task,95.9,91.1,F,adult,ISTC-CNR Primate Centre,Punk
capuchin monkey,Cebus apella,N,Y,Cylinder.Task,95.9,91.1,F,23,ISTC-CNR Primate Centre,Rame
capuchin monkey,Cebus apella,N,Y,Cylinder.Task,95.9,91.1,F,24,ISTC-CNR Primate Centre,Roberta
capuchin monkey,Cebus apella,Y,Y,Cylinder.Task,95.9,91.1,M,"7(a), 13(b)",ISTC-CNR Primate Centre,Robin Hood
capuchin monkey,Cebus apella,Y,Y,Cylinder.Task,95.9,91.1,F,"11(a), 17(b)",ISTC-CNR Primate Centre,Robinia
capuchin monkey,Cebus apella,Y,Y,Cylinder.Task,95.9,91.1,M,"9(a), 14(b)",ISTC-CNR Primate Centre,Robot
capuchin monkey,Cebus apella,Y,N,Cylinder.Task,95.9,91.1,M,adult,ISTC-CNR Primate Centre,Rosso
capuchin monkey,Cebus apella,N,Y,Cylinder.Task,95.9,91.1,M,8,ISTC-CNR Primate Centre,Rubens
capuchin monkey,Cebus apella,Y,N,Cylinder.Task,95.9,91.1,F,4,ISTC-CNR Primate Centre,Rucola
capuchin monkey,Cebus apella,N,Y,Cylinder.Task,95.9,91.1,F,9,ISTC-CNR Primate Centre,Saroma
capuchin monkey,Cebus apella,Y,N,Cylinder.Task,95.9,91.1,M,adult,ISTC-CNR Primate Centre,Viola
capuchin monkey,Cebus apella,N,Y,Cylinder.Task,95.9,91.1,F,11,ISTC-CNR Primate Centre,Virginia
capuchin monkey,Cebus apella,Y,N,Cylinder.Task,95.9,91.1,M,4,ISTC-CNR Primate Centre,Vispo
capuchin monkey,Cebus apella,Y,N,Cylinder.Task,95.9,91.1,M,adult,ISTC-CNR Primate Centre,Zapotec
capuchin monkey,Cebus apella,Y,Y,Cylinder.Task,95.9,91.1,M,16,Yale University,AG
capuchin monkey,Cebus apella,Y,Y,Cylinder.Task,95.9,91.1,M,5,Yale University,AH
capuchin monkey,Cebus apella,Y,Y,Cylinder.Task,95.9,91.1,M,15,Yale University,FL
capuchin monkey,Cebus apella,Y,Y,Cylinder.Task,95.9,91.1,F,3,Yale University,HB
capuchin monkey,Cebus apella,Y,Y,Cylinder.Task,95.9,91.1,F,11,Yale University,HG
capuchin monkey,Cebus apella,Y,Y,Cylinder.Task,95.9,91.1,F,6,Yale University,HR
capuchin monkey,Cebus apella,Y,Y,Cylinder.Task,95.9,91.1,F,15,Yale University,JM
capuchin monkey,Cebus apella,Y,Y,Cylinder.Task,95.9,91.1,F,10,Yale University,MD
capuchin monkey,Cebus apella,Y,Y,Cylinder.Task,95.9,91.1,F,4,Yale University,MP
capuchin monkey,Cebus apella,Y,Y,Cylinder.Task,95.9,91.1,M,16,Yale University,NN
capuchin monkey,Cebus apella,Y,N,A.not.B.Task,86.2,91.1,F,22,ISTC-CNR Primate Centre,Brahms
capuchin monkey,Cebus apella,N,Y,A.not.B.Task,86.2,91.1,M,32,ISTC-CNR Primate Centre,Cammello
capuchin monkey,Cebus apella,N,Y,A.not.B.Task,86.2,91.1,F,27,ISTC-CNR Primate Centre,Carlotta
capuchin monkey,Cebus apella,Y,N,A.not.B.Task,86.2,91.1,M,17,ISTC-CNR Primate Centre,Cognac
capuchin monkey,Cebus apella,Y,N,A.not.B.Task,86.2,91.1,F,8,ISTC-CNR Primate Centre,Pandora
capuchin monkey,Cebus apella,Y,N,A.not.B.Task,86.2,91.1,F,10,ISTC-CNR Primate Centre,Panna
capuchin monkey,Cebus apella,N,Y,A.not.B.Task,86.2,91.1,F,21,ISTC-CNR Primate Centre,Paprica
capuchin monkey,Cebus apella,Y,N,A.not.B.Task,86.2,91.1,M,13,ISTC-CNR Primate Centre,Patè
capuchin monkey,Cebus apella,Y,Y,A.not.B.Task,86.2,91.1,M,"3(a), 9(b)",ISTC-CNR Primate Centre,Pedro
capuchin monkey,Cebus apella,Y,N,A.not.B.Task,86.2,91.1,F,5,ISTC-CNR Primate Centre,Penelope
capuchin monkey,Cebus apella,Y,N,A.not.B.Task,86.2,91.1,M,17,ISTC-CNR Primate Centre,Pepe
capuchin monkey,Cebus apella,Y,N,A.not.B.Task,86.2,91.1,F,23,ISTC-CNR Primate Centre,Pippi
capuchin monkey,Cebus apella,Y,N,A.not.B.Task,86.2,91.1,F,adult,ISTC-CNR Primate Centre,Punk
capuchin monkey,Cebus apella,N,Y,A.not.B.Task,86.2,91.1,F,23,ISTC-CNR Primate Centre,Rame
capuchin monkey,Cebus apella,N,Y,A.not.B.Task,86.2,91.1,F,24,ISTC-CNR Primate Centre,Roberta
capuchin monkey,Cebus apella,Y,Y,A.not.B.Task,86.2,91.1,M,"7(a), 13(b)",ISTC-CNR Primate Centre,Robin Hood
capuchin monkey,Cebus apella,Y,Y,A.not.B.Task,86.2,91.1,F,"11(a), 17(b)",ISTC-CNR Primate Centre,Robinia
capuchin monkey,Cebus apella,Y,Y,A.not.B.Task,86.2,91.1,M,"9(a), 14(b)",ISTC-CNR Primate Centre,Robot
capuchin monkey,Cebus apella,Y,N,A.not.B.Task,86.2,91.1,M,adult,ISTC-CNR Primate Centre,Rosso
capuchin monkey,Cebus apella,N,Y,A.not.B.Task,86.2,91.1,M,8,ISTC-CNR Primate Centre,Rubens
capuchin monkey,Cebus apella,Y,N,A.not.B.Task,86.2,91.1,F,4,ISTC-CNR Primate Centre,Rucola
capuchin monkey,Cebus apella,N,Y,A.not.B.Task,86.2,91.1,F,9,ISTC-CNR Primate Centre,Saroma
capuchin monkey,Cebus apella,Y,N,A.not.B.Task,86.2,91.1,M,adult,ISTC-CNR Primate Centre,Viola
capuchin monkey,Cebus apella,N,Y,A.not.B.Task,86.2,91.1,F,11,ISTC-CNR Primate Centre,Virginia
capuchin monkey,Cebus apella,Y,N,A.not.B.Task,86.2,91.1,M,4,ISTC-CNR Primate Centre,Vispo
capuchin monkey,Cebus apella,Y,N,A.not.B.Task,86.2,91.1,M,adult,ISTC-CNR Primate Centre,Zapotec
capuchin monkey,Cebus apella,Y,Y,A.not.B.Task,86.2,91.1,M,16,Yale University,AG
capuchin monkey,Cebus apella,Y,Y,A.not.B.Task,86.2,91.1,M,5,Yale University,AH
capuchin monkey,Cebus apella,Y,Y,A.not.B.Task,86.2,91.1,M,15,Yale University,FL
capuchin monkey,Cebus apella,Y,Y,A.not.B.Task,86.2,91.1,F,3,Yale University,HB
capuchin monkey,Cebus apella,Y,Y,A.not.B.Task,86.2,91.1,F,11,Yale University,HG
capuchin monkey,Cebus apella,Y,Y,A.not.B.Task,86.2,91.1,F,6,Yale University,HR
capuchin monkey,Cebus apella,Y,Y,A.not.B.Task,86.2,91.1,F,15,Yale University,JM
capuchin monkey,Cebus apella,Y,Y,A.not.B.Task,86.2,91.1,F,10,Yale University,MD
capuchin monkey,Cebus apella,Y,Y,A.not.B.Task,86.2,91.1,F,4,Yale University,MP
capuchin monkey,Cebus apella,Y,Y,A.not.B.Task,86.2,91.1,M,16,Yale University,NN
chimpanzee,Pan troglodytes,N,Y,Cylinder.Task,100,93.3,M,10,MPI - Leipzig,Alex
chimpanzee,Pan troglodytes,N,Y,Cylinder.Task,100,93.3,F,11,MPI - Leipzig,Alexandra
chimpanzee,Pan troglodytes,Y,Y,Cylinder.Task,100,93.3,F,18,MPI - Leipzig,Fifi
chimpanzee,Pan troglodytes,Y,Y,Cylinder.Task,100,93.3,F,18,MPI - Leipzig,Jahaga
chimpanzee,Pan troglodytes,Y,Y,Cylinder.Task,100,93.3,F,18,MPI - Leipzig,Trudi
chimpanzee,Pan troglodytes,Y,N,Cylinder.Task,100,93.3,F,28,MPI-Leipzig,Fraukje
chimpanzee,Pan troglodytes,Y,N,Cylinder.Task,100,93.3,M,10,MPI-Leipzig,Frodo
chimpanzee,Pan troglodytes,Y,N,Cylinder.Task,100,93.3,F,6,MPI-Leipzig,Riet
chimpanzee,Pan troglodytes,Y,N,Cylinder.Task,100,93.3,F,11,MPI-Leipzig,Sandra
chimpanzee,Pan troglodytes,Y,N,Cylinder.Task,100,93.3,M,15,North Carolina Zoo,Jon
chimpanzee,Pan troglodytes,Y,N,Cylinder.Task,100,93.3,M,12,North Carolina Zoo,Kendall
chimpanzee,Pan troglodytes,Y,N,Cylinder.Task,100,93.3,M,10,North Carolina Zoo,Lance
chimpanzee,Pan troglodytes,Y,N,Cylinder.Task,100,93.3,F,38,North Carolina Zoo,Maggie
chimpanzee,Pan troglodytes,Y,N,Cylinder.Task,100,93.3,F,15,North Carolina Zoo,Ruby
chimpanzee,Pan troglodytes,Y,N,Cylinder.Task,100,93.3,F,40,North Carolina Zoo,Ruthie
chimpanzee,Pan troglodytes,Y,N,Cylinder.Task,100,93.3,M,10,North Carolina Zoo,Sakoto
chimpanzee,Pan troglodytes,Y,N,Cylinder.Task,100,93.3,F,42,North Carolina Zoo,Terry
chimpanzee,Pan troglodytes,N,Y,A.not.B.Task,86.7,93.3,M,10,MPI - Leipzig,Alex
chimpanzee,Pan troglodytes,N,Y,A.not.B.Task,86.7,93.3,F,11,MPI - Leipzig,Alexandra
chimpanzee,Pan troglodytes,Y,Y,A.not.B.Task,86.7,93.3,F,18,MPI - Leipzig,Fifi
chimpanzee,Pan troglodytes,Y,Y,A.not.B.Task,86.7,93.3,F,18,MPI - Leipzig,Jahaga
chimpanzee,Pan troglodytes,Y,Y,A.not.B.Task,86.7,93.3,F,18,MPI - Leipzig,Trudi
chimpanzee,Pan troglodytes,Y,N,A.not.B.Task,86.7,93.3,F,28,MPI-Leipzig,Fraukje
chimpanzee,Pan troglodytes,Y,N,A.not.B.Task,86.7,93.3,M,10,MPI-Leipzig,Frodo
chimpanzee,Pan troglodytes,Y,N,A.not.B.Task,86.7,93.3,F,6,MPI-Leipzig,Riet
chimpanzee,Pan troglodytes,Y,N,A.not.B.Task,86.7,93.3,F,11,MPI-Leipzig,Sandra
chimpanzee,Pan troglodytes,Y,N,A.not.B.Task,86.7,93.3,M,15,North Carolina Zoo,Jon
chimpanzee,Pan troglodytes,Y,N,A.not.B.Task,86.7,93.3,M,12,North Carolina Zoo,Kendall
chimpanzee,Pan troglodytes,Y,N,A.not.B.Task,86.7,93.3,M,10,North Carolina Zoo,Lance
chimpanzee,Pan troglodytes,Y,N,A.not.B.Task,86.7,93.3,F,38,North Carolina Zoo,Maggie
chimpanzee,Pan troglodytes,Y,N,A.not.B.Task,86.7,93.3,F,15,North Carolina Zoo,Ruby
chimpanzee,Pan troglodytes,Y,N,A.not.B.Task,86.7,93.3,F,40,North Carolina Zoo,Ruthie
chimpanzee,Pan troglodytes,Y,N,A.not.B.Task,86.7,93.3,M,10,North Carolina Zoo,Sakoto
chimpanzee,Pan troglodytes,Y,N,A.not.B.Task,86.7,93.3,F,42,North Carolina Zoo,Terry
Coquerel's sifaka,Propithecus coquereli,N,Y,Cylinder.Task,36.4,33.200000000000003,F,4,Duke Lemur Center,Anastasia
Coquerel's sifaka,Propithecus coquereli,N,Y,Cylinder.Task,36.4,33.200000000000003,F,10,Duke Lemur Center,Antonia
Coquerel's sifaka,Propithecus coquereli,Y,N,Cylinder.Task,36.4,33.200000000000003,M,9,Duke Lemur Center,Brutus
Coquerel's sifaka,Propithecus coquereli,Y,N,Cylinder.Task,36.4,33.200000000000003,F,17,Duke Lemur Center,Drusilla
Coquerel's sifaka,Propithecus coquereli,Y,Y,Cylinder.Task,36.4,33.200000000000003,M,14,Duke Lemur Center,Gordian
Coquerel's sifaka,Propithecus coquereli,N,Y,Cylinder.Task,36.4,33.200000000000003,M,6,Duke Lemur Center,Gratian
Coquerel's sifaka,Propithecus coquereli,N,Y,Cylinder.Task,36.4,33.200000000000003,M,4,Duke Lemur Center,Jovian
Coquerel's sifaka,Propithecus coquereli,Y,N,Cylinder.Task,36.4,33.200000000000003,M,17,Duke Lemur Center,Julian
Coquerel's sifaka,Propithecus coquereli,Y,Y,Cylinder.Task,36.4,33.200000000000003,M,5,Duke Lemur Center,Lucius
Coquerel's sifaka,Propithecus coquereli,Y,Y,Cylinder.Task,36.4,33.200000000000003,M,7,Duke Lemur Center,Marcus Aurelius
Coquerel's sifaka,Propithecus coquereli,Y,N,Cylinder.Task,36.4,33.200000000000003,M,2,Duke Lemur Center,Martin
Coquerel's sifaka,Propithecus coquereli,Y,Y,Cylinder.Task,36.4,33.200000000000003,F,2,Duke Lemur Center,Matilda
Coquerel's sifaka,Propithecus coquereli,N,Y,Cylinder.Task,36.4,33.200000000000003,F,9,Duke Lemur Center,Pia
Coquerel's sifaka,Propithecus coquereli,Y,N,Cylinder.Task,36.4,33.200000000000003,F,3,Duke Lemur Center,Rhodelina
Coquerel's sifaka,Propithecus coquereli,Y,N,Cylinder.Task,36.4,33.200000000000003,M,7,Duke Lemur Center,Theo
Coquerel's sifaka,Propithecus coquereli,N,Y,Cylinder.Task,36.4,33.200000000000003,M,21,Duke Lemur Center,Tiberius
Coquerel's sifaka,Propithecus coquereli,N,Y,A.not.B.Task,30,33.200000000000003,F,4,Duke Lemur Center,Anastasia
Coquerel's sifaka,Propithecus coquereli,N,Y,A.not.B.Task,30,33.200000000000003,F,10,Duke Lemur Center,Antonia
Coquerel's sifaka,Propithecus coquereli,Y,N,A.not.B.Task,30,33.200000000000003,M,9,Duke Lemur Center,Brutus
Coquerel's sifaka,Propithecus coquereli,Y,N,A.not.B.Task,30,33.200000000000003,F,17,Duke Lemur Center,Drusilla
Coquerel's sifaka,Propithecus coquereli,Y,Y,A.not.B.Task,30,33.200000000000003,M,14,Duke Lemur Center,Gordian
Coquerel's sifaka,Propithecus coquereli,N,Y,A.not.B.Task,30,33.200000000000003,M,6,Duke Lemur Center,Gratian
Coquerel's sifaka,Propithecus coquereli,N,Y,A.not.B.Task,30,33.200000000000003,M,4,Duke Lemur Center,Jovian
Coquerel's sifaka,Propithecus coquereli,Y,N,A.not.B.Task,30,33.200000000000003,M,17,Duke Lemur Center,Julian
Coquerel's sifaka,Propithecus coquereli,Y,Y,A.not.B.Task,30,33.200000000000003,M,5,Duke Lemur Center,Lucius
Coquerel's sifaka,Propithecus coquereli,Y,Y,A.not.B.Task,30,33.200000000000003,M,7,Duke Lemur Center,Marcus Aurelius
Coquerel's sifaka,Propithecus coquereli,Y,N,A.not.B.Task,30,33.200000000000003,M,2,Duke Lemur Center,Martin
Coquerel's sifaka,Propithecus coquereli,Y,Y,A.not.B.Task,30,33.200000000000003,F,2,Duke Lemur Center,Matilda
Coquerel's sifaka,Propithecus coquereli,N,Y,A.not.B.Task,30,33.200000000000003,F,9,Duke Lemur Center,Pia
Coquerel's sifaka,Propithecus coquereli,Y,N,A.not.B.Task,30,33.200000000000003,F,3,Duke Lemur Center,Rhodelina
Coquerel's sifaka,Propithecus coquereli,Y,N,A.not.B.Task,30,33.200000000000003,M,7,Duke Lemur Center,Theo
Coquerel's sifaka,Propithecus coquereli,N,Y,A.not.B.Task,30,33.200000000000003,M,21,Duke Lemur Center,Tiberius
coyote,Canis latrans,N,Y,Cylinder.Task,95,61.8,F,3,Logan Field Station,3.1
coyote,Canis latrans,Y,Y,Cylinder.Task,95,61.8,M,6,Logan Field Station,3.2
coyote,Canis latrans,Y,Y,Cylinder.Task,95,61.8,F,4,Logan Field Station,3.3
coyote,Canis latrans,Y,N,Cylinder.Task,95,61.8,M,2,Logan Field Station,4.0999999999999996
coyote,Canis latrans,Y,Y,Cylinder.Task,95,61.8,M,3,Logan Field Station,4.2
coyote,Canis latrans,Y,Y,Cylinder.Task,95,61.8,F,2,Logan Field Station,4.3
coyote,Canis latrans,Y,Y,Cylinder.Task,95,61.8,M,3,Logan Field Station,5.0999999999999996
coyote,Canis latrans,N,Y,Cylinder.Task,95,61.8,F,3,Logan Field Station,5.2
coyote,Canis latrans,Y,Y,Cylinder.Task,95,61.8,M,6,Logan Field Station,5.3
coyote,Canis latrans,N,Y,A.not.B.Task,28.6,61.8,F,3,Logan Field Station,3.1
coyote,Canis latrans,Y,Y,A.not.B.Task,28.6,61.8,M,6,Logan Field Station,3.2
coyote,Canis latrans,Y,Y,A.not.B.Task,28.6,61.8,F,4,Logan Field Station,3.3
coyote,Canis latrans,Y,N,A.not.B.Task,28.6,61.8,M,2,Logan Field Station,4.0999999999999996
coyote,Canis latrans,Y,Y,A.not.B.Task,28.6,61.8,M,3,Logan Field Station,4.2
coyote,Canis latrans,Y,Y,A.not.B.Task,28.6,61.8,F,2,Logan Field Station,4.3
coyote,Canis latrans,Y,Y,A.not.B.Task,28.6,61.8,M,3,Logan Field Station,5.0999999999999996
coyote,Canis latrans,N,Y,A.not.B.Task,28.6,61.8,F,3,Logan Field Station,5.2
coyote,Canis latrans,Y,Y,A.not.B.Task,28.6,61.8,M,6,Logan Field Station,5.3
domestic dog,Canis familiaris,Y,Y,Cylinder.Task,79.099999999999994,84.2,F,6,Duke Canine Cognition Center,Amber
domestic dog,Canis familiaris,Y,Y,Cylinder.Task,79.099999999999994,84.2,F,2,Duke Canine Cognition Center,Aspen
domestic dog,Canis familiaris,Y,Y,Cylinder.Task,79.099999999999994,84.2,M,3,Duke Canine Cognition Center,Astro
domestic dog,Canis familiaris,Y,Y,Cylinder.Task,79.099999999999994,84.2,M,7,Duke Canine Cognition Center,Bailey
domestic dog,Canis familiaris,Y,Y,Cylinder.Task,79.099999999999994,84.2,M,1,Duke Canine Cognition Center,Bender
domestic dog,Canis familiaris,Y,Y,Cylinder.Task,79.099999999999994,84.2,F,9,Duke Canine Cognition Center,Bonnie
domestic dog,Canis familiaris,Y,Y,Cylinder.Task,79.099999999999994,84.2,M,5,Duke Canine Cognition Center,Bowie
domestic dog,Canis familiaris,Y,Y,Cylinder.Task,79.099999999999994,84.2,F,6,Duke Canine Cognition Center,Buffy
domestic dog,Canis familiaris,Y,Y,Cylinder.Task,79.099999999999994,84.2,F,8,Duke Canine Cognition Center,Cassie
domestic dog,Canis familiaris,Y,Y,Cylinder.Task,79.099999999999994,84.2,F,8,Duke Canine Cognition Center,Cassie(2)
domestic dog,Canis familiaris,Y,Y,Cylinder.Task,79.099999999999994,84.2,M,3,Duke Canine Cognition Center,Chewie
domestic dog,Canis familiaris,Y,Y,Cylinder.Task,79.099999999999994,84.2,F,1,Duke Canine Cognition Center,Chloe
domestic dog,Canis familiaris,Y,Y,Cylinder.Task,79.099999999999994,84.2,F,8,Duke Canine Cognition Center,Clara
domestic dog,Canis familiaris,Y,Y,Cylinder.Task,79.099999999999994,84.2,F,3,Duke Canine Cognition Center,Cricket
domestic dog,Canis familiaris,Y,Y,Cylinder.Task,79.099999999999994,84.2,F,3,Duke Canine Cognition Center,Dakota
domestic dog,Canis familiaris,Y,Y,Cylinder.Task,79.099999999999994,84.2,M,4,Duke Canine Cognition Center,Dallas
domestic dog,Canis familiaris,Y,Y,Cylinder.Task,79.099999999999994,84.2,M,1,Duke Canine Cognition Center,Dax
domestic dog,Canis familiaris,Y,Y,Cylinder.Task,79.099999999999994,84.2,F,9,Duke Canine Cognition Center,Diva
domestic dog,Canis familiaris,Y,Y,Cylinder.Task,79.099999999999994,84.2,F,10,Duke Canine Cognition Center,Ela
domestic dog,Canis familiaris,Y,Y,Cylinder.Task,79.099999999999994,84.2,F,2,Duke Canine Cognition Center,Ellie
domestic dog,Canis familiaris,Y,Y,Cylinder.Task,79.099999999999994,84.2,M,7,Duke Canine Cognition Center,Friday
domestic dog,Canis familiaris,Y,Y,Cylinder.Task,79.099999999999994,84.2,F,5,Duke Canine Cognition Center,Gertie
domestic dog,Canis familiaris,Y,Y,Cylinder.Task,79.099999999999994,84.2,F,3,Duke Canine Cognition Center,Ginger
domestic dog,Canis familiaris,Y,Y,Cylinder.Task,79.099999999999994,84.2,M,5,Duke Canine Cognition Center,Griffin
domestic dog,Canis familiaris,Y,Y,Cylinder.Task,79.099999999999994,84.2,M,2,Duke Canine Cognition Center,Gus
domestic dog,Canis familiaris,Y,Y,Cylinder.Task,79.099999999999994,84.2,M,4,Duke Canine Cognition Center,Harbor
domestic dog,Canis familiaris,Y,Y,Cylinder.Task,79.099999999999994,84.2,F,4,Duke Canine Cognition Center,Jada
domestic dog,Canis familiaris,Y,Y,Cylinder.Task,79.099999999999994,84.2,M,7,Duke Canine Cognition Center,Jimmy
domestic dog,Canis familiaris,Y,Y,Cylinder.Task,79.099999999999994,84.2,M,7,Duke Canine Cognition Center,Joey
domestic dog,Canis familiaris,Y,Y,Cylinder.Task,79.099999999999994,84.2,F,9,Duke Canine Cognition Center,Kali
domestic dog,Canis familiaris,Y,Y,Cylinder.Task,79.099999999999994,84.2,F,10,Duke Canine Cognition Center,Lily
domestic dog,Canis familiaris,Y,Y,Cylinder.Task,79.099999999999994,84.2,M,7,Duke Canine Cognition Center,Lucky
domestic dog,Canis familiaris,Y,Y,Cylinder.Task,79.099999999999994,84.2,M,2,Duke Canine Cognition Center,Ludo
domestic dog,Canis familiaris,Y,Y,Cylinder.Task,79.099999999999994,84.2,F,11,Duke Canine Cognition Center,Lula Belle
domestic dog,Canis familiaris,Y,Y,Cylinder.Task,79.099999999999994,84.2,F,7,Duke Canine Cognition Center,Mazie
domestic dog,Canis familiaris,Y,Y,Cylinder.Task,79.099999999999994,84.2,M,1,Duke Canine Cognition Center,Milo
domestic dog,Canis familiaris,Y,Y,Cylinder.Task,79.099999999999994,84.2,M,11,Duke Canine Cognition Center,Morgan
domestic dog,Canis familiaris,Y,Y,Cylinder.Task,79.099999999999994,84.2,M,2,Duke Canine Cognition Center,Murphy
domestic dog,Canis familiaris,Y,Y,Cylinder.Task,79.099999999999994,84.2,M,4,Duke Canine Cognition Center,Norman
domestic dog,Canis familiaris,Y,Y,Cylinder.Task,79.099999999999994,84.2,F,2,Duke Canine Cognition Center,Peanut
domestic dog,Canis familiaris,Y,Y,Cylinder.Task,79.099999999999994,84.2,F,6,Duke Canine Cognition Center,Poppy
domestic dog,Canis familiaris,Y,Y,Cylinder.Task,79.099999999999994,84.2,M,8,Duke Canine Cognition Center,Rex
domestic dog,Canis familiaris,Y,Y,Cylinder.Task,79.099999999999994,84.2,F,7,Duke Canine Cognition Center,Sadie
domestic dog,Canis familiaris,Y,Y,Cylinder.Task,79.099999999999994,84.2,M,1,Duke Canine Cognition Center,Sam
domestic dog,Canis familiaris,Y,Y,Cylinder.Task,79.099999999999994,84.2,M,7,Duke Canine Cognition Center,Spencer
domestic dog,Canis familiaris,Y,Y,Cylinder.Task,79.099999999999994,84.2,M,4,Duke Canine Cognition Center,Spike
domestic dog,Canis familiaris,Y,Y,Cylinder.Task,79.099999999999994,84.2,F,9,Duke Canine Cognition Center,Tiger
domestic dog,Canis familiaris,Y,Y,Cylinder.Task,79.099999999999994,84.2,M,2,Duke Canine Cognition Center,Turbo
domestic dog,Canis familiaris,Y,Y,Cylinder.Task,79.099999999999994,84.2,F,1,Duke Canine Cognition Center,Vespa
domestic dog,Canis familiaris,Y,Y,Cylinder.Task,79.099999999999994,84.2,M,4,Duke Canine Cognition Center,Wonton
domestic dog,Canis familiaris,Y,Y,Cylinder.Task,79.099999999999994,84.2,M,5,Duke Canine Cognition Center,Zen
domestic dog,Canis familiaris,Y,Y,Cylinder.Task,79.099999999999994,84.2,M,5,Duke Canine Cognition Center,Zep
domestic dog,Canis familiaris,Y,Y,Cylinder.Task,79.099999999999994,84.2,M,3,Duke Canine Cognition Center,Zephyr
domestic dog,Canis familiaris,Y,Y,Cylinder.Task,79.099999999999994,84.2,F,1,Duke Canine Cognition Center,Zoey
domestic dog,Canis familiaris,Y,Y,Cylinder.Task,79.099999999999994,84.2,F,3,MPI - Leipzig,Aimee
domestic dog,Canis familiaris,Y,Y,Cylinder.Task,79.099999999999994,84.2,M,6,MPI - Leipzig,Benji
domestic dog,Canis familiaris,Y,Y,Cylinder.Task,79.099999999999994,84.2,M,3,MPI - Leipzig,Blue
domestic dog,Canis familiaris,Y,Y,Cylinder.Task,79.099999999999994,84.2,F,2,MPI - Leipzig,Chiquita
domestic dog,Canis familiaris,Y,Y,Cylinder.Task,79.099999999999994,84.2,M,2,MPI - Leipzig,Colin
domestic dog,Canis familiaris,Y,Y,Cylinder.Task,79.099999999999994,84.2,M,1,MPI - Leipzig,Guenni
domestic dog,Canis familiaris,Y,Y,Cylinder.Task,79.099999999999994,84.2,F,3,MPI - Leipzig,Jazzy
domestic dog,Canis familiaris,Y,Y,Cylinder.Task,79.099999999999994,84.2,F,2,MPI - Leipzig,Judy
domestic dog,Canis familiaris,Y,Y,Cylinder.Task,79.099999999999994,84.2,F,7,MPI - Leipzig,Luna
domestic dog,Canis familiaris,Y,Y,Cylinder.Task,79.099999999999994,84.2,M,2,MPI - Leipzig,Migo
domestic dog,Canis familiaris,Y,Y,Cylinder.Task,79.099999999999994,84.2,F,5,MPI - Leipzig,Mira
domestic dog,Canis familiaris,Y,Y,Cylinder.Task,79.099999999999994,84.2,M,8,MPI - Leipzig,Sammy
domestic dog,Canis familiaris,Y,Y,A.not.B.Task,89.4,84.2,F,6,Duke Canine Cognition Center,Amber
domestic dog,Canis familiaris,Y,Y,A.not.B.Task,89.4,84.2,F,2,Duke Canine Cognition Center,Aspen
domestic dog,Canis familiaris,Y,Y,A.not.B.Task,89.4,84.2,M,3,Duke Canine Cognition Center,Astro
domestic dog,Canis familiaris,Y,Y,A.not.B.Task,89.4,84.2,M,7,Duke Canine Cognition Center,Bailey
domestic dog,Canis familiaris,Y,Y,A.not.B.Task,89.4,84.2,M,1,Duke Canine Cognition Center,Bender
domestic dog,Canis familiaris,Y,Y,A.not.B.Task,89.4,84.2,F,9,Duke Canine Cognition Center,Bonnie
domestic dog,Canis familiaris,Y,Y,A.not.B.Task,89.4,84.2,M,5,Duke Canine Cognition Center,Bowie
domestic dog,Canis familiaris,Y,Y,A.not.B.Task,89.4,84.2,F,6,Duke Canine Cognition Center,Buffy
domestic dog,Canis familiaris,Y,Y,A.not.B.Task,89.4,84.2,F,8,Duke Canine Cognition Center,Cassie
domestic dog,Canis familiaris,Y,Y,A.not.B.Task,89.4,84.2,F,8,Duke Canine Cognition Center,Cassie(2)
domestic dog,Canis familiaris,Y,Y,A.not.B.Task,89.4,84.2,M,3,Duke Canine Cognition Center,Chewie
domestic dog,Canis familiaris,Y,Y,A.not.B.Task,89.4,84.2,F,1,Duke Canine Cognition Center,Chloe
domestic dog,Canis familiaris,Y,Y,A.not.B.Task,89.4,84.2,F,8,Duke Canine Cognition Center,Clara
domestic dog,Canis familiaris,Y,Y,A.not.B.Task,89.4,84.2,F,3,Duke Canine Cognition Center,Cricket
domestic dog,Canis familiaris,Y,Y,A.not.B.Task,89.4,84.2,F,3,Duke Canine Cognition Center,Dakota
domestic dog,Canis familiaris,Y,Y,A.not.B.Task,89.4,84.2,M,4,Duke Canine Cognition Center,Dallas
domestic dog,Canis familiaris,Y,Y,A.not.B.Task,89.4,84.2,M,1,Duke Canine Cognition Center,Dax
domestic dog,Canis familiaris,Y,Y,A.not.B.Task,89.4,84.2,F,9,Duke Canine Cognition Center,Diva
domestic dog,Canis familiaris,Y,Y,A.not.B.Task,89.4,84.2,F,10,Duke Canine Cognition Center,Ela
domestic dog,Canis familiaris,Y,Y,A.not.B.Task,89.4,84.2,F,2,Duke Canine Cognition Center,Ellie
domestic dog,Canis familiaris,Y,Y,A.not.B.Task,89.4,84.2,M,7,Duke Canine Cognition Center,Friday
domestic dog,Canis familiaris,Y,Y,A.not.B.Task,89.4,84.2,F,5,Duke Canine Cognition Center,Gertie
domestic dog,Canis familiaris,Y,Y,A.not.B.Task,89.4,84.2,F,3,Duke Canine Cognition Center,Ginger
domestic dog,Canis familiaris,Y,Y,A.not.B.Task,89.4,84.2,M,5,Duke Canine Cognition Center,Griffin
domestic dog,Canis familiaris,Y,Y,A.not.B.Task,89.4,84.2,M,2,Duke Canine Cognition Center,Gus
domestic dog,Canis familiaris,Y,Y,A.not.B.Task,89.4,84.2,M,4,Duke Canine Cognition Center,Harbor
domestic dog,Canis familiaris,Y,Y,A.not.B.Task,89.4,84.2,F,4,Duke Canine Cognition Center,Jada
domestic dog,Canis familiaris,Y,Y,A.not.B.Task,89.4,84.2,M,7,Duke Canine Cognition Center,Jimmy
domestic dog,Canis familiaris,Y,Y,A.not.B.Task,89.4,84.2,M,7,Duke Canine Cognition Center,Joey
domestic dog,Canis familiaris,Y,Y,A.not.B.Task,89.4,84.2,F,9,Duke Canine Cognition Center,Kali
domestic dog,Canis familiaris,Y,Y,A.not.B.Task,89.4,84.2,F,10,Duke Canine Cognition Center,Lily
domestic dog,Canis familiaris,Y,Y,A.not.B.Task,89.4,84.2,M,7,Duke Canine Cognition Center,Lucky
domestic dog,Canis familiaris,Y,Y,A.not.B.Task,89.4,84.2,M,2,Duke Canine Cognition Center,Ludo
domestic dog,Canis familiaris,Y,Y,A.not.B.Task,89.4,84.2,F,11,Duke Canine Cognition Center,Lula Belle
domestic dog,Canis familiaris,Y,Y,A.not.B.Task,89.4,84.2,F,7,Duke Canine Cognition Center,Mazie
domestic dog,Canis familiaris,Y,Y,A.not.B.Task,89.4,84.2,M,1,Duke Canine Cognition Center,Milo
domestic dog,Canis familiaris,Y,Y,A.not.B.Task,89.4,84.2,M,11,Duke Canine Cognition Center,Morgan
domestic dog,Canis familiaris,Y,Y,A.not.B.Task,89.4,84.2,M,2,Duke Canine Cognition Center,Murphy
domestic dog,Canis familiaris,Y,Y,A.not.B.Task,89.4,84.2,M,4,Duke Canine Cognition Center,Norman
domestic dog,Canis familiaris,Y,Y,A.not.B.Task,89.4,84.2,F,2,Duke Canine Cognition Center,Peanut
domestic dog,Canis familiaris,Y,Y,A.not.B.Task,89.4,84.2,F,6,Duke Canine Cognition Center,Poppy
domestic dog,Canis familiaris,Y,Y,A.not.B.Task,89.4,84.2,M,8,Duke Canine Cognition Center,Rex
domestic dog,Canis familiaris,Y,Y,A.not.B.Task,89.4,84.2,F,7,Duke Canine Cognition Center,Sadie
domestic dog,Canis familiaris,Y,Y,A.not.B.Task,89.4,84.2,M,1,Duke Canine Cognition Center,Sam
domestic dog,Canis familiaris,Y,Y,A.not.B.Task,89.4,84.2,M,7,Duke Canine Cognition Center,Spencer
domestic dog,Canis familiaris,Y,Y,A.not.B.Task,89.4,84.2,M,4,Duke Canine Cognition Center,Spike
domestic dog,Canis familiaris,Y,Y,A.not.B.Task,89.4,84.2,F,9,Duke Canine Cognition Center,Tiger
domestic dog,Canis familiaris,Y,Y,A.not.B.Task,89.4,84.2,M,2,Duke Canine Cognition Center,Turbo
domestic dog,Canis familiaris,Y,Y,A.not.B.Task,89.4,84.2,F,1,Duke Canine Cognition Center,Vespa
domestic dog,Canis familiaris,Y,Y,A.not.B.Task,89.4,84.2,M,4,Duke Canine Cognition Center,Wonton
domestic dog,Canis familiaris,Y,Y,A.not.B.Task,89.4,84.2,M,5,Duke Canine Cognition Center,Zen
domestic dog,Canis familiaris,Y,Y,A.not.B.Task,89.4,84.2,M,5,Duke Canine Cognition Center,Zep
domestic dog,Canis familiaris,Y,Y,A.not.B.Task,89.4,84.2,M,3,Duke Canine Cognition Center,Zephyr
domestic dog,Canis familiaris,Y,Y,A.not.B.Task,89.4,84.2,F,1,Duke Canine Cognition Center,Zoey
domestic dog,Canis familiaris,Y,Y,A.not.B.Task,89.4,84.2,F,3,MPI - Leipzig,Aimee
domestic dog,Canis familiaris,Y,Y,A.not.B.Task,89.4,84.2,M,6,MPI - Leipzig,Benji
domestic dog,Canis familiaris,Y,Y,A.not.B.Task,89.4,84.2,M,3,MPI - Leipzig,Blue
domestic dog,Canis familiaris,Y,Y,A.not.B.Task,89.4,84.2,F,2,MPI - Leipzig,Chiquita
domestic dog,Canis familiaris,Y,Y,A.not.B.Task,89.4,84.2,M,2,MPI - Leipzig,Colin
domestic dog,Canis familiaris,Y,Y,A.not.B.Task,89.4,84.2,M,1,MPI - Leipzig,Guenni
domestic dog,Canis familiaris,Y,Y,A.not.B.Task,89.4,84.2,F,3,MPI - Leipzig,Jazzy
domestic dog,Canis familiaris,Y,Y,A.not.B.Task,89.4,84.2,F,2,MPI - Leipzig,Judy
domestic dog,Canis familiaris,Y,Y,A.not.B.Task,89.4,84.2,F,7,MPI - Leipzig,Luna
domestic dog,Canis familiaris,Y,Y,A.not.B.Task,89.4,84.2,M,2,MPI - Leipzig,Migo
domestic dog,Canis familiaris,Y,Y,A.not.B.Task,89.4,84.2,F,5,MPI - Leipzig,Mira
domestic dog,Canis familiaris,Y,Y,A.not.B.Task,89.4,84.2,M,8,MPI - Leipzig,Sammy
Eurasian jay,Garrulus glandarius,N,Y,Cylinder.Task,58.3,37.5,M,3,University of Cambridge,Hoy
Eurasian jay,Garrulus glandarius,N,Y,Cylinder.Task,58.3,37.5,F,3,University of Cambridge,Hunter
Eurasian jay,Garrulus glandarius,Y,N,Cylinder.Task,58.3,37.5,M,4,University of Cambridge,Lima
Eurasian jay,Garrulus glandarius,N,Y,Cylinder.Task,58.3,37.5,F,3,University of Cambridge,Ohuruogu
Eurasian jay,Garrulus glandarius,Y,N,Cylinder.Task,58.3,37.5,M,3,University of Cambridge,Pendleton
Eurasian jay,Garrulus glandarius,Y,Y,Cylinder.Task,58.3,37.5,M,4,University of Cambridge,Quito
Eurasian jay,Garrulus glandarius,Y,N,Cylinder.Task,58.3,37.5,F,4,University of Cambridge,Rome
Eurasian jay,Garrulus glandarius,Y,Y,Cylinder.Task,58.3,37.5,M,3,University of Cambridge,Romero
Eurasian jay,Garrulus glandarius,Y,Y,Cylinder.Task,58.3,37.5,M,3,University of Cambridge,Wilson
Eurasian jay,Garrulus glandarius,N,Y,A.not.B.Task,16.7,37.5,M,3,University of Cambridge,Hoy
Eurasian jay,Garrulus glandarius,N,Y,A.not.B.Task,16.7,37.5,F,3,University of Cambridge,Hunter
Eurasian jay,Garrulus glandarius,Y,N,A.not.B.Task,16.7,37.5,M,4,University of Cambridge,Lima
Eurasian jay,Garrulus glandarius,N,Y,A.not.B.Task,16.7,37.5,F,3,University of Cambridge,Ohuruogu
Eurasian jay,Garrulus glandarius,Y,N,A.not.B.Task,16.7,37.5,M,3,University of Cambridge,Pendleton
Eurasian jay,Garrulus glandarius,Y,Y,A.not.B.Task,16.7,37.5,M,4,University of Cambridge,Quito
Eurasian jay,Garrulus glandarius,Y,N,A.not.B.Task,16.7,37.5,F,4,University of Cambridge,Rome
Eurasian jay,Garrulus glandarius,Y,Y,A.not.B.Task,16.7,37.5,M,3,University of Cambridge,Romero
Eurasian jay,Garrulus glandarius,Y,Y,A.not.B.Task,16.7,37.5,M,3,University of Cambridge,Wilson
fox squirrel,Scurius niger,Y,N,Cylinder.Task,66.900000000000006,39.700000000000003,M,1,UC Berkeley,Ace
fox squirrel,Scurius niger,N,Y,Cylinder.Task,66.900000000000006,39.700000000000003,unknown,unknown,UC Berkeley,Boomerang
fox squirrel,Scurius niger,N,Y,Cylinder.Task,66.900000000000006,39.700000000000003,F,unknown,UC Berkeley,Cal
fox squirrel,Scurius niger,Y,N,Cylinder.Task,66.900000000000006,39.700000000000003,F,3,UC Berkeley,Cursive
fox squirrel,Scurius niger,N,Y,Cylinder.Task,66.900000000000006,39.700000000000003,F,unknown,UC Berkeley,Dot
fox squirrel,Scurius niger,N,Y,Cylinder.Task,66.900000000000006,39.700000000000003,F,unknown,UC Berkeley,Grumpy
fox squirrel,Scurius niger,Y,N,Cylinder.Task,66.900000000000006,39.700000000000003,F,1,UC Berkeley,Isis
fox squirrel,Scurius niger,N,Y,Cylinder.Task,66.900000000000006,39.700000000000003,F,unknown,UC Berkeley,Jemaine
fox squirrel,Scurius niger,Y,N,Cylinder.Task,66.900000000000006,39.700000000000003,F,1,UC Berkeley,Leila
fox squirrel,Scurius niger,N,Y,Cylinder.Task,66.900000000000006,39.700000000000003,unknown,unknown,UC Berkeley,Missi
fox squirrel,Scurius niger,N,Y,Cylinder.Task,66.900000000000006,39.700000000000003,F,unknown,UC Berkeley,Nemo
fox squirrel,Scurius niger,Y,N,Cylinder.Task,66.900000000000006,39.700000000000003,unknown,1,UC Berkeley,NR
fox squirrel,Scurius niger,N,Y,Cylinder.Task,66.900000000000006,39.700000000000003,F,unknown,UC Berkeley,Picasso
fox squirrel,Scurius niger,Y,N,Cylinder.Task,66.900000000000006,39.700000000000003,F,1,UC Berkeley,Romi
fox squirrel,Scurius niger,N,Y,Cylinder.Task,66.900000000000006,39.700000000000003,M,unknown,UC Berkeley,Rooster
fox squirrel,Scurius niger,N,Y,Cylinder.Task,66.900000000000006,39.700000000000003,M,unknown,UC Berkeley,Rooster Jr
fox squirrel,Scurius niger,Y,N,Cylinder.Task,66.900000000000006,39.700000000000003,M,1,UC Berkeley,Silver
fox squirrel,Scurius niger,N,Y,Cylinder.Task,66.900000000000006,39.700000000000003,unknown,unknown,UC Berkeley,Slow Eater
fox squirrel,Scurius niger,N,Y,Cylinder.Task,66.900000000000006,39.700000000000003,unknown,unknown,UC Berkeley,Tornado
fox squirrel,Scurius niger,N,Y,Cylinder.Task,66.900000000000006,39.700000000000003,unknown,unknown,UC Berkeley,Van
fox squirrel,Scurius niger,Y,N,Cylinder.Task,66.900000000000006,39.700000000000003,M,1,UC Berkeley,Zippy
fox squirrel,Scurius niger,Y,N,A.not.B.Task,12.5,39.700000000000003,M,1,UC Berkeley,Ace
fox squirrel,Scurius niger,N,Y,A.not.B.Task,12.5,39.700000000000003,unknown,unknown,UC Berkeley,Boomerang
fox squirrel,Scurius niger,N,Y,A.not.B.Task,12.5,39.700000000000003,F,unknown,UC Berkeley,Cal
fox squirrel,Scurius niger,Y,N,A.not.B.Task,12.5,39.700000000000003,F,3,UC Berkeley,Cursive
fox squirrel,Scurius niger,N,Y,A.not.B.Task,12.5,39.700000000000003,F,unknown,UC Berkeley,Dot
fox squirrel,Scurius niger,N,Y,A.not.B.Task,12.5,39.700000000000003,F,unknown,UC Berkeley,Grumpy
fox squirrel,Scurius niger,Y,N,A.not.B.Task,12.5,39.700000000000003,F,1,UC Berkeley,Isis
fox squirrel,Scurius niger,N,Y,A.not.B.Task,12.5,39.700000000000003,F,unknown,UC Berkeley,Jemaine
fox squirrel,Scurius niger,Y,N,A.not.B.Task,12.5,39.700000000000003,F,1,UC Berkeley,Leila
fox squirrel,Scurius niger,N,Y,A.not.B.Task,12.5,39.700000000000003,unknown,unknown,UC Berkeley,Missi
fox squirrel,Scurius niger,N,Y,A.not.B.Task,12.5,39.700000000000003,F,unknown,UC Berkeley,Nemo
fox squirrel,Scurius niger,Y,N,A.not.B.Task,12.5,39.700000000000003,unknown,1,UC Berkeley,NR
fox squirrel,Scurius niger,N,Y,A.not.B.Task,12.5,39.700000000000003,F,unknown,UC Berkeley,Picasso
fox squirrel,Scurius niger,Y,N,A.not.B.Task,12.5,39.700000000000003,F,1,UC Berkeley,Romi
fox squirrel,Scurius niger,N,Y,A.not.B.Task,12.5,39.700000000000003,M,unknown,UC Berkeley,Rooster
fox squirrel,Scurius niger,N,Y,A.not.B.Task,12.5,39.700000000000003,M,unknown,UC Berkeley,Rooster Jr
fox squirrel,Scurius niger,Y,N,A.not.B.Task,12.5,39.700000000000003,M,1,UC Berkeley,Silver
fox squirrel,Scurius niger,N,Y,A.not.B.Task,12.5,39.700000000000003,unknown,unknown,UC Berkeley,Slow Eater
fox squirrel,Scurius niger,N,Y,A.not.B.Task,12.5,39.700000000000003,unknown,unknown,UC Berkeley,Tornado
fox squirrel,Scurius niger,N,Y,A.not.B.Task,12.5,39.700000000000003,unknown,unknown,UC Berkeley,Van
fox squirrel,Scurius niger,Y,N,A.not.B.Task,12.5,39.700000000000003,M,1,UC Berkeley,Zippy
golden-headed lion tamarin,Leontopithecus chrysomelas,N,Y,Cylinder.Task,63,NA,F,5,Laboratorio Tropical de Primatologia,cg02
golden-headed lion tamarin,Leontopithecus chrysomelas,N,Y,Cylinder.Task,63,NA,F,5,Laboratorio Tropical de Primatologia,cg03
golden-headed lion tamarin,Leontopithecus chrysomelas,N,Y,Cylinder.Task,63,NA,F,5,Laboratorio Tropical de Primatologia,cg13
golden-headed lion tamarin,Leontopithecus chrysomelas,N,Y,Cylinder.Task,63,NA,M,12,Laboratorio Tropical de Primatologia,cg25
golden-headed lion tamarin,Leontopithecus chrysomelas,N,Y,Cylinder.Task,63,NA,F,7,Laboratorio Tropical de Primatologia,cg28
golden-headed lion tamarin,Leontopithecus chrysomelas,N,Y,Cylinder.Task,63,NA,F,5,Laboratorio Tropical de Primatologia,cg33
golden-headed lion tamarin,Leontopithecus chrysomelas,N,Y,Cylinder.Task,63,NA,F,5,Laboratorio Tropical de Primatologia,cg40
golden-headed lion tamarin,Leontopithecus chrysomelas,N,Y,Cylinder.Task,63,NA,M,10,Laboratorio Tropical de Primatologia,cg43
golden-headed lion tamarin,Leontopithecus chrysomelas,N,Y,Cylinder.Task,63,NA,M,5,Laboratorio Tropical de Primatologia,cgBIG
golden-headed lion tamarin,Leontopithecus chrysomelas,N,Y,Cylinder.Task,63,NA,F,3,Laboratorio Tropical de Primatologia,cgRT
golden-headed lion tamarin,Leontopithecus chrysomelas,N,Y,A.not.B.Task,NA,NA,F,5,Laboratorio Tropical de Primatologia,cg02
golden-headed lion tamarin,Leontopithecus chrysomelas,N,Y,A.not.B.Task,NA,NA,F,5,Laboratorio Tropical de Primatologia,cg03
golden-headed lion tamarin,Leontopithecus chrysomelas,N,Y,A.not.B.Task,NA,NA,F,5,Laboratorio Tropical de Primatologia,cg13
golden-headed lion tamarin,Leontopithecus chrysomelas,N,Y,A.not.B.Task,NA,NA,M,12,Laboratorio Tropical de Primatologia,cg25
golden-headed lion tamarin,Leontopithecus chrysomelas,N,Y,A.not.B.Task,NA,NA,F,7,Laboratorio Tropical de Primatologia,cg28
golden-headed lion tamarin,Leontopithecus chrysomelas,N,Y,A.not.B.Task,NA,NA,F,5,Laboratorio Tropical de Primatologia,cg33
golden-headed lion tamarin,Leontopithecus chrysomelas,N,Y,A.not.B.Task,NA,NA,F,5,Laboratorio Tropical de Primatologia,cg40
golden-headed lion tamarin,Leontopithecus chrysomelas,N,Y,A.not.B.Task,NA,NA,M,10,Laboratorio Tropical de Primatologia,cg43
golden-headed lion tamarin,Leontopithecus chrysomelas,N,Y,A.not.B.Task,NA,NA,M,5,Laboratorio Tropical de Primatologia,cgBIG
golden-headed lion tamarin,Leontopithecus chrysomelas,N,Y,A.not.B.Task,NA,NA,F,3,Laboratorio Tropical de Primatologia,cgRT
golden snub-nosed monkey,Rhinopithecus roxellana,NA,NA,Cylinder.Task,35,45.3,NA,NA,NA,NA
golden snub-nosed monkey,Rhinopithecus roxellana,NA,NA,A.not.B.Task,55.6,45.3,NA,NA,NA,NA
gorilla,Gorilla gorilla,N,Y,Cylinder.Task,94.4,97.2,F,7,MPI - Leipzig,Kibara
gorilla,Gorilla gorilla,N,Y,Cylinder.Task,94.4,97.2,F,4,MPI - Leipzig,Louna
gorilla,Gorilla gorilla,Y,Y,Cylinder.Task,94.4,97.2,F,16,MPI - Leipzig,Viringika
gorilla,Gorilla gorilla,Y,N,Cylinder.Task,94.4,97.2,F,6,MPI-Leipzig,Bebe
gorilla,Gorilla gorilla,Y,N,Cylinder.Task,94.4,97.2,M,30,MPI-Leipzig,Gorgo
gorilla,Gorilla gorilla,Y,N,Cylinder.Task,94.4,97.2,F,32,MPI-Leipzig,Ndiki
gorilla,Gorilla gorilla,Y,N,Cylinder.Task,94.4,97.2,M,16,MPI-Leipzig,Nkwango
gorilla,Gorilla gorilla,Y,N,Cylinder.Task,94.4,97.2,F,11,MPI-Leipzig,Ruby
gorilla,Gorilla gorilla,Y,N,Cylinder.Task,94.4,97.2,F,11,MPI-Leipzig,Vizuri
gorilla,Gorilla gorilla,Y,Y,Cylinder.Task,94.4,97.2,M,17,National Zoo,Baraka
gorilla,Gorilla gorilla,N,Y,Cylinder.Task,94.4,97.2,F,42,National Zoo,Haloko
gorilla,Gorilla gorilla,Y,Y,Cylinder.Task,94.4,97.2,F,15,National Zoo,Kigali
gorilla,Gorilla gorilla,Y,Y,Cylinder.Task,94.4,97.2,M,8,National Zoo,Kojo
gorilla,Gorilla gorilla,Y,Y,Cylinder.Task,94.4,97.2,M,10,National Zoo,Kwame
gorilla,Gorilla gorilla,Y,Y,Cylinder.Task,94.4,97.2,F,28,National Zoo,Mandara
gorilla,Gorilla gorilla,N,Y,A.not.B.Task,100,97.2,F,7,MPI - Leipzig,Kibara
gorilla,Gorilla gorilla,N,Y,A.not.B.Task,100,97.2,F,4,MPI - Leipzig,Louna
gorilla,Gorilla gorilla,Y,Y,A.not.B.Task,100,97.2,F,16,MPI - Leipzig,Viringika
gorilla,Gorilla gorilla,Y,N,A.not.B.Task,100,97.2,F,6,MPI-Leipzig,Bebe
gorilla,Gorilla gorilla,Y,N,A.not.B.Task,100,97.2,M,30,MPI-Leipzig,Gorgo
gorilla,Gorilla gorilla,Y,N,A.not.B.Task,100,97.2,F,32,MPI-Leipzig,Ndiki
gorilla,Gorilla gorilla,Y,N,A.not.B.Task,100,97.2,M,16,MPI-Leipzig,Nkwango
gorilla,Gorilla gorilla,Y,N,A.not.B.Task,100,97.2,F,11,MPI-Leipzig,Ruby
gorilla,Gorilla gorilla,Y,N,A.not.B.Task,100,97.2,F,11,MPI-Leipzig,Vizuri
gorilla,Gorilla gorilla,Y,Y,A.not.B.Task,100,97.2,M,17,National Zoo,Baraka
gorilla,Gorilla gorilla,N,Y,A.not.B.Task,100,97.2,F,42,National Zoo,Haloko
gorilla,Gorilla gorilla,Y,Y,A.not.B.Task,100,97.2,F,15,National Zoo,Kigali
gorilla,Gorilla gorilla,Y,Y,A.not.B.Task,100,97.2,M,8,National Zoo,Kojo
gorilla,Gorilla gorilla,Y,Y,A.not.B.Task,100,97.2,M,10,National Zoo,Kwame
gorilla,Gorilla gorilla,Y,Y,A.not.B.Task,100,97.2,F,28,National Zoo,Mandara
gray wolf,Canis lupus,N,Y,Cylinder.Task,77.3,NA,M,2,Wolf Science Center,Apache
gray wolf,Canis lupus,N,Y,Cylinder.Task,77.3,NA,M,3,Wolf Science Center,Aragorn
gray wolf,Canis lupus,N,Y,Cylinder.Task,77.3,NA,M,2,Wolf Science Center,Cherokee
gray wolf,Canis lupus,N,Y,Cylinder.Task,77.3,NA,M,2,Wolf Science Center,Geronimo
gray wolf,Canis lupus,N,Y,Cylinder.Task,77.3,NA,M,3,Wolf Science Center,Kaspar
gray wolf,Canis lupus,N,Y,Cylinder.Task,77.3,NA,M,0,Wolf Science Center,Kenai
gray wolf,Canis lupus,N,Y,Cylinder.Task,77.3,NA,M,2,Wolf Science Center,Nanuk
gray wolf,Canis lupus,N,Y,Cylinder.Task,77.3,NA,F,3,Wolf Science Center,Shima
gray wolf,Canis lupus,N,Y,Cylinder.Task,77.3,NA,F,2,Wolf Science Center,Tatonga
gray wolf,Canis lupus,N,Y,Cylinder.Task,77.3,NA,M,1,Wolf Science Center,Wapi
gray wolf,Canis lupus,N,Y,Cylinder.Task,77.3,NA,F,2,Wolf Science Center,Yukon
gray wolf,Canis lupus,N,Y,A.not.B.Task,NA,NA,M,2,Wolf Science Center,Apache
gray wolf,Canis lupus,N,Y,A.not.B.Task,NA,NA,M,3,Wolf Science Center,Aragorn
gray wolf,Canis lupus,N,Y,A.not.B.Task,NA,NA,M,2,Wolf Science Center,Cherokee
gray wolf,Canis lupus,N,Y,A.not.B.Task,NA,NA,M,2,Wolf Science Center,Geronimo
gray wolf,Canis lupus,N,Y,A.not.B.Task,NA,NA,M,3,Wolf Science Center,Kaspar
gray wolf,Canis lupus,N,Y,A.not.B.Task,NA,NA,M,0,Wolf Science Center,Kenai
gray wolf,Canis lupus,N,Y,A.not.B.Task,NA,NA,M,2,Wolf Science Center,Nanuk
gray wolf,Canis lupus,N,Y,A.not.B.Task,NA,NA,F,3,Wolf Science Center,Shima
gray wolf,Canis lupus,N,Y,A.not.B.Task,NA,NA,F,2,Wolf Science Center,Tatonga
gray wolf,Canis lupus,N,Y,A.not.B.Task,NA,NA,M,1,Wolf Science Center,Wapi
gray wolf,Canis lupus,N,Y,A.not.B.Task,NA,NA,F,2,Wolf Science Center,Yukon
hamadryus baboon,Papio hamadryas,NA,NA,Cylinder.Task,67.8,65.7,NA,NA,NA,NA
hamadryus baboon,Papio hamadryas,NA,NA,A.not.B.Task,63.6,65.7,NA,NA,NA,NA
long-tailed macaque,Macaca fascicularis,Y,N,Cylinder.Task,NA,NA,F,juvenile,University of Utrecht,Anastasia
long-tailed macaque,Macaca fascicularis,Y,N,Cylinder.Task,NA,NA,M,adult,University of Utrecht,Cleo
long-tailed macaque,Macaca fascicularis,Y,N,Cylinder.Task,NA,NA,F,adult,University of Utrecht,Cornea
long-tailed macaque,Macaca fascicularis,Y,N,Cylinder.Task,NA,NA,F,adult,University of Utrecht,Era
long-tailed macaque,Macaca fascicularis,Y,N,Cylinder.Task,NA,NA,F,adult,University of Utrecht,Icetea
long-tailed macaque,Macaca fascicularis,Y,N,Cylinder.Task,NA,NA,F,subadult,University of Utrecht,Linea
long-tailed macaque,Macaca fascicularis,Y,N,Cylinder.Task,NA,NA,F,subadult,University of Utrecht,Logica
long-tailed macaque,Macaca fascicularis,Y,N,Cylinder.Task,NA,NA,F,juvenile,University of Utrecht,Ofelia
long-tailed macaque,Macaca fascicularis,Y,N,Cylinder.Task,NA,NA,M,juvenile,University of Utrecht,Salvadoro
long-tailed macaque,Macaca fascicularis,Y,N,Cylinder.Task,NA,NA,F,adult,University of Utrecht,Sea
long-tailed macaque,Macaca fascicularis,Y,N,Cylinder.Task,NA,NA,M,subadult,University of Utrecht,Video
long-tailed macaque,Macaca fascicularis,Y,N,Cylinder.Task,NA,NA,M,juvenile,University of Utrecht,Zargasso
long-tailed macaque,Macaca fascicularis,Y,N,A.not.B.Task,66.7,NA,F,juvenile,University of Utrecht,Anastasia
long-tailed macaque,Macaca fascicularis,Y,N,A.not.B.Task,66.7,NA,M,adult,University of Utrecht,Cleo
long-tailed macaque,Macaca fascicularis,Y,N,A.not.B.Task,66.7,NA,F,adult,University of Utrecht,Cornea
long-tailed macaque,Macaca fascicularis,Y,N,A.not.B.Task,66.7,NA,F,adult,University of Utrecht,Era
long-tailed macaque,Macaca fascicularis,Y,N,A.not.B.Task,66.7,NA,F,adult,University of Utrecht,Icetea
long-tailed macaque,Macaca fascicularis,Y,N,A.not.B.Task,66.7,NA,F,subadult,University of Utrecht,Linea
long-tailed macaque,Macaca fascicularis,Y,N,A.not.B.Task,66.7,NA,F,subadult,University of Utrecht,Logica
long-tailed macaque,Macaca fascicularis,Y,N,A.not.B.Task,66.7,NA,F,juvenile,University of Utrecht,Ofelia
long-tailed macaque,Macaca fascicularis,Y,N,A.not.B.Task,66.7,NA,M,juvenile,University of Utrecht,Salvadoro
long-tailed macaque,Macaca fascicularis,Y,N,A.not.B.Task,66.7,NA,F,adult,University of Utrecht,Sea
long-tailed macaque,Macaca fascicularis,Y,N,A.not.B.Task,66.7,NA,M,subadult,University of Utrecht,Video
long-tailed macaque,Macaca fascicularis,Y,N,A.not.B.Task,66.7,NA,M,juvenile,University of Utrecht,Zargasso
marmoset,Callithrix jacchus,Y,Y,Cylinder.Task,31.9,46,M,12,University of Zurich,Juniper
marmoset,Callithrix jacchus,Y,Y,Cylinder.Task,31.9,46,M,9,University of Zurich,Juri
marmoset,Callithrix jacchus,Y,Y,Cylinder.Task,31.9,46,M,8,University of Zurich,Kaliper
marmoset,Callithrix jacchus,Y,Y,Cylinder.Task,31.9,46,F,12,University of Zurich,Kalium
marmoset,Callithrix jacchus,N,Y,Cylinder.Task,31.9,46,M,6,University of Zurich,Kantor
marmoset,Callithrix jacchus,Y,Y,Cylinder.Task,31.9,46,M,7,University of Zurich,Kapi
marmoset,Callithrix jacchus,Y,N,Cylinder.Task,31.9,46,M,7,University of Zurich,Kapo
marmoset,Callithrix jacchus,Y,Y,Cylinder.Task,31.9,46,F,4,University of Zurich,Venezia
marmoset,Callithrix jacchus,Y,Y,Cylinder.Task,31.9,46,F,5,University of Zurich,Venus
marmoset,Callithrix jacchus,Y,Y,Cylinder.Task,31.9,46,F,8,University of Zurich,Verona
marmoset,Callithrix jacchus,Y,Y,Cylinder.Task,31.9,46,F,8,University of Zurich,Vesta
marmoset,Callithrix jacchus,N,Y,Cylinder.Task,31.9,46,F,8,University of Zurich,Vreni
marmoset,Callithrix jacchus,Y,Y,A.not.B.Task,60,46,M,12,University of Zurich,Juniper
marmoset,Callithrix jacchus,Y,Y,A.not.B.Task,60,46,M,9,University of Zurich,Juri
marmoset,Callithrix jacchus,Y,Y,A.not.B.Task,60,46,M,8,University of Zurich,Kaliper
marmoset,Callithrix jacchus,Y,Y,A.not.B.Task,60,46,F,12,University of Zurich,Kalium
marmoset,Callithrix jacchus,N,Y,A.not.B.Task,60,46,M,6,University of Zurich,Kantor
marmoset,Callithrix jacchus,Y,Y,A.not.B.Task,60,46,M,7,University of Zurich,Kapi
marmoset,Callithrix jacchus,Y,N,A.not.B.Task,60,46,M,7,University of Zurich,Kapo
marmoset,Callithrix jacchus,Y,Y,A.not.B.Task,60,46,F,4,University of Zurich,Venezia
marmoset,Callithrix jacchus,Y,Y,A.not.B.Task,60,46,F,5,University of Zurich,Venus
marmoset,Callithrix jacchus,Y,Y,A.not.B.Task,60,46,F,8,University of Zurich,Verona
marmoset,Callithrix jacchus,Y,Y,A.not.B.Task,60,46,F,8,University of Zurich,Vesta
marmoset,Callithrix jacchus,N,Y,A.not.B.Task,60,46,F,8,University of Zurich,Vreni
Mongolian gerbil,Meriones unguiculatus,Y,Y,Cylinder.Task,68.900000000000006,44.4,M,2,UC Berkeley,Adlin
Mongolian gerbil,Meriones unguiculatus,N,Y,Cylinder.Task,68.900000000000006,44.4,F,1,UC Berkeley,Alti
Mongolian gerbil,Meriones unguiculatus,Y,Y,Cylinder.Task,68.900000000000006,44.4,M,1,UC Berkeley,Besh
Mongolian gerbil,Meriones unguiculatus,N,Y,Cylinder.Task,68.900000000000006,44.4,F,2,UC Berkeley,Chetryi
Mongolian gerbil,Meriones unguiculatus,Y,N,Cylinder.Task,68.900000000000006,44.4,F,1,UC Berkeley,Cuarenta
Mongolian gerbil,Meriones unguiculatus,N,Y,Cylinder.Task,68.900000000000006,44.4,F,2,UC Berkeley,Dva
Mongolian gerbil,Meriones unguiculatus,Y,N,Cylinder.Task,68.900000000000006,44.4,F,1,UC Berkeley,Fyorir
Mongolian gerbil,Meriones unguiculatus,Y,Y,Cylinder.Task,68.900000000000006,44.4,F,1,UC Berkeley,Ni
Mongolian gerbil,Meriones unguiculatus,Y,Y,Cylinder.Task,68.900000000000006,44.4,M,1,UC Berkeley,Ooch
Mongolian gerbil,Meriones unguiculatus,Y,Y,Cylinder.Task,68.900000000000006,44.4,F,1,UC Berkeley,Roku
Mongolian gerbil,Meriones unguiculatus,N,Y,Cylinder.Task,68.900000000000006,44.4,F,1,UC Berkeley,Sekkiz
Mongolian gerbil,Meriones unguiculatus,Y,Y,Cylinder.Task,68.900000000000006,44.4,M,2,UC Berkeley,Tri
Mongolian gerbil,Meriones unguiculatus,Y,N,Cylinder.Task,68.900000000000006,44.4,F,1,UC Berkeley,Tveir
Mongolian gerbil,Meriones unguiculatus,Y,Y,Cylinder.Task,68.900000000000006,44.4,F,1,UC Berkeley,Vente
Mongolian gerbil,Meriones unguiculatus,Y,Y,A.not.B.Task,20,44.4,M,2,UC Berkeley,Adlin
Mongolian gerbil,Meriones unguiculatus,N,Y,A.not.B.Task,20,44.4,F,1,UC Berkeley,Alti
Mongolian gerbil,Meriones unguiculatus,Y,Y,A.not.B.Task,20,44.4,M,1,UC Berkeley,Besh
Mongolian gerbil,Meriones unguiculatus,N,Y,A.not.B.Task,20,44.4,F,2,UC Berkeley,Chetryi
Mongolian gerbil,Meriones unguiculatus,Y,N,A.not.B.Task,20,44.4,F,1,UC Berkeley,Cuarenta
Mongolian gerbil,Meriones unguiculatus,N,Y,A.not.B.Task,20,44.4,F,2,UC Berkeley,Dva
Mongolian gerbil,Meriones unguiculatus,Y,N,A.not.B.Task,20,44.4,F,1,UC Berkeley,Fyorir
Mongolian gerbil,Meriones unguiculatus,Y,Y,A.not.B.Task,20,44.4,F,1,UC Berkeley,Ni
Mongolian gerbil,Meriones unguiculatus,Y,Y,A.not.B.Task,20,44.4,M,1,UC Berkeley,Ooch
Mongolian gerbil,Meriones unguiculatus,Y,Y,A.not.B.Task,20,44.4,F,1,UC Berkeley,Roku
Mongolian gerbil,Meriones unguiculatus,N,Y,A.not.B.Task,20,44.4,F,1,UC Berkeley,Sekkiz
Mongolian gerbil,Meriones unguiculatus,Y,Y,A.not.B.Task,20,44.4,M,2,UC Berkeley,Tri
Mongolian gerbil,Meriones unguiculatus,Y,N,A.not.B.Task,20,44.4,F,1,UC Berkeley,Tveir
Mongolian gerbil,Meriones unguiculatus,Y,Y,A.not.B.Task,20,44.4,F,1,UC Berkeley,Vente
mongoose lemur,Eulemur mongoz,Y,Y,Cylinder.Task,59,54.5,F,25,Duke Lemur Center,Concepcion
mongoose lemur,Eulemur mongoz,N,Y,Cylinder.Task,59,54.5,M,15,Duke Lemur Center,Eduardo
mongoose lemur,Eulemur mongoz,Y,N,Cylinder.Task,59,54.5,M,22,Duke Lemur Center,Fabio
mongoose lemur,Eulemur mongoz,Y,N,Cylinder.Task,59,54.5,M,14,Duke Lemur Center,Felipe
mongoose lemur,Eulemur mongoz,Y,Y,Cylinder.Task,59,54.5,F,24,Duke Lemur Center,Flor
mongoose lemur,Eulemur mongoz,Y,N,Cylinder.Task,59,54.5,F,15,Duke Lemur Center,Guadalupe
mongoose lemur,Eulemur mongoz,Y,Y,Cylinder.Task,59,54.5,M,20,Duke Lemur Center,Julio
mongoose lemur,Eulemur mongoz,Y,Y,Cylinder.Task,59,54.5,F,4,Duke Lemur Center,Maddie
mongoose lemur,Eulemur mongoz,N,Y,Cylinder.Task,59,54.5,M,4,Duke Lemur Center,Mercedes
mongoose lemur,Eulemur mongoz,N,Y,Cylinder.Task,59,54.5,F,21,Duke Lemur Center,Moheli
mongoose lemur,Eulemur mongoz,Y,Y,Cylinder.Task,59,54.5,M,11,Duke Lemur Center,Paco
mongoose lemur,Eulemur mongoz,Y,N,Cylinder.Task,59,54.5,M,20,Duke Lemur Center,Pedro
mongoose lemur,Eulemur mongoz,N,Y,Cylinder.Task,59,54.5,F,22,Duke Lemur Center,Piedad
mongoose lemur,Eulemur mongoz,Y,Y,Cylinder.Task,59,54.5,M,28,Duke Lemur Center,Sancho
mongoose lemur,Eulemur mongoz,Y,Y,A.not.B.Task,50,54.5,F,25,Duke Lemur Center,Concepcion
mongoose lemur,Eulemur mongoz,N,Y,A.not.B.Task,50,54.5,M,15,Duke Lemur Center,Eduardo
mongoose lemur,Eulemur mongoz,Y,N,A.not.B.Task,50,54.5,M,22,Duke Lemur Center,Fabio
mongoose lemur,Eulemur mongoz,Y,N,A.not.B.Task,50,54.5,M,14,Duke Lemur Center,Felipe
mongoose lemur,Eulemur mongoz,Y,Y,A.not.B.Task,50,54.5,F,24,Duke Lemur Center,Flor
mongoose lemur,Eulemur mongoz,Y,N,A.not.B.Task,50,54.5,F,15,Duke Lemur Center,Guadalupe
mongoose lemur,Eulemur mongoz,Y,Y,A.not.B.Task,50,54.5,M,20,Duke Lemur Center,Julio
mongoose lemur,Eulemur mongoz,Y,Y,A.not.B.Task,50,54.5,F,4,Duke Lemur Center,Maddie
mongoose lemur,Eulemur mongoz,N,Y,A.not.B.Task,50,54.5,M,4,Duke Lemur Center,Mercedes
mongoose lemur,Eulemur mongoz,N,Y,A.not.B.Task,50,54.5,F,21,Duke Lemur Center,Moheli
mongoose lemur,Eulemur mongoz,Y,Y,A.not.B.Task,50,54.5,M,11,Duke Lemur Center,Paco
mongoose lemur,Eulemur mongoz,Y,N,A.not.B.Task,50,54.5,M,20,Duke Lemur Center,Pedro
mongoose lemur,Eulemur mongoz,N,Y,A.not.B.Task,50,54.5,F,22,Duke Lemur Center,Piedad
mongoose lemur,Eulemur mongoz,Y,Y,A.not.B.Task,50,54.5,M,28,Duke Lemur Center,Sancho
olive baboon,Papio anubis,Y,Y,Cylinder.Task,76.3,88.1,M,4,Seneca Park Zoo,Jefferson
olive baboon,Papio anubis,Y,Y,Cylinder.Task,76.3,88.1,M,3,Seneca Park Zoo,Kalamata
olive baboon,Papio anubis,Y,Y,Cylinder.Task,76.3,88.1,M,6,Seneca Park Zoo,Mansino
olive baboon,Papio anubis,Y,Y,Cylinder.Task,76.3,88.1,F,4,Seneca Park Zoo,Olive Oil
olive baboon,Papio anubis,Y,Y,Cylinder.Task,76.3,88.1,F,3,Seneca Park Zoo,Pearl
olive baboon,Papio anubis,Y,Y,Cylinder.Task,76.3,88.1,F,17,Seneca Park Zoo,Pepperella
olive baboon,Papio anubis,Y,N,Cylinder.Task,76.3,88.1,F,4,Seneca Park Zoo,Pimento
olive baboon,Papio anubis,Y,Y,Cylinder.Task,76.3,88.1,F,4,Seneca Park Zoo,Sabina
olive baboon,Papio anubis,Y,Y,Cylinder.Task,76.3,88.1,F,13,Seneca Park Zoo,Ursula
olive baboon,Papio anubis,Y,Y,A.not.B.Task,100,88.1,M,4,Seneca Park Zoo,Jefferson
olive baboon,Papio anubis,Y,Y,A.not.B.Task,100,88.1,M,3,Seneca Park Zoo,Kalamata
olive baboon,Papio anubis,Y,Y,A.not.B.Task,100,88.1,M,6,Seneca Park Zoo,Mansino
olive baboon,Papio anubis,Y,Y,A.not.B.Task,100,88.1,F,4,Seneca Park Zoo,Olive Oil
olive baboon,Papio anubis,Y,Y,A.not.B.Task,100,88.1,F,3,Seneca Park Zoo,Pearl
olive baboon,Papio anubis,Y,Y,A.not.B.Task,100,88.1,F,17,Seneca Park Zoo,Pepperella
olive baboon,Papio anubis,Y,N,A.not.B.Task,100,88.1,F,4,Seneca Park Zoo,Pimento
olive baboon,Papio anubis,Y,Y,A.not.B.Task,100,88.1,F,4,Seneca Park Zoo,Sabina
olive baboon,Papio anubis,Y,Y,A.not.B.Task,100,88.1,F,13,Seneca Park Zoo,Ursula
orange-winged amazon,Amazona amazonica,Y,Y,Cylinder.Task,50.8,30.4,F,unknown,University of St. Andrews,BUL - Tulip
orange-winged amazon,Amazona amazonica,N,Y,Cylinder.Task,50.8,30.4,M,unknown,University of St. Andrews,BUR - Benny
orange-winged amazon,Amazona amazonica,Y,Y,Cylinder.Task,50.8,30.4,M,unknown,University of St. Andrews,GDL - Ricky
orange-winged amazon,Amazona amazonica,Y,Y,Cylinder.Task,50.8,30.4,M,unknown,University of St. Andrews,GYLSR - Freckles
orange-winged amazon,Amazona amazonica,Y,Y,Cylinder.Task,50.8,30.4,F,unknown,University of St. Andrews,LGR - Belle
orange-winged amazon,Amazona amazonica,N,Y,Cylinder.Task,50.8,30.4,F,unknown,University of St. Andrews,OL - Piglet
orange-winged amazon,Amazona amazonica,Y,Y,Cylinder.Task,50.8,30.4,M,unknown,University of St. Andrews,OR - Simon
orange-winged amazon,Amazona amazonica,Y,Y,Cylinder.Task,50.8,30.4,M,unknown,University of St. Andrews,PIL - Rocky
orange-winged amazon,Amazona amazonica,Y,Y,Cylinder.Task,50.8,30.4,M,unknown,University of St. Andrews,PIR - Bo
orange-winged amazon,Amazona amazonica,Y,Y,Cylinder.Task,50.8,30.4,M,unknown,University of St. Andrews,PUR - Pete
orange-winged amazon,Amazona amazonica,Y,Y,Cylinder.Task,50.8,30.4,M,unknown,University of St. Andrews,RR - Stumpy
orange-winged amazon,Amazona amazonica,Y,Y,Cylinder.Task,50.8,30.4,F,unknown,University of St. Andrews,SR - Penny
orange-winged amazon,Amazona amazonica,Y,Y,A.not.B.Task,10,30.4,F,unknown,University of St. Andrews,BUL - Tulip
orange-winged amazon,Amazona amazonica,N,Y,A.not.B.Task,10,30.4,M,unknown,University of St. Andrews,BUR - Benny
orange-winged amazon,Amazona amazonica,Y,Y,A.not.B.Task,10,30.4,M,unknown,University of St. Andrews,GDL - Ricky
orange-winged amazon,Amazona amazonica,Y,Y,A.not.B.Task,10,30.4,M,unknown,University of St. Andrews,GYLSR - Freckles
orange-winged amazon,Amazona amazonica,Y,Y,A.not.B.Task,10,30.4,F,unknown,University of St. Andrews,LGR - Belle
orange-winged amazon,Amazona amazonica,N,Y,A.not.B.Task,10,30.4,F,unknown,University of St. Andrews,OL - Piglet
orange-winged amazon,Amazona amazonica,Y,Y,A.not.B.Task,10,30.4,M,unknown,University of St. Andrews,OR - Simon
orange-winged amazon,Amazona amazonica,Y,Y,A.not.B.Task,10,30.4,M,unknown,University of St. Andrews,PIL - Rocky
orange-winged amazon,Amazona amazonica,Y,Y,A.not.B.Task,10,30.4,M,unknown,University of St. Andrews,PIR - Bo
orange-winged amazon,Amazona amazonica,Y,Y,A.not.B.Task,10,30.4,M,unknown,University of St. Andrews,PUR - Pete
orange-winged amazon,Amazona amazonica,Y,Y,A.not.B.Task,10,30.4,M,unknown,University of St. Andrews,RR - Stumpy
orange-winged amazon,Amazona amazonica,Y,Y,A.not.B.Task,10,30.4,F,unknown,University of St. Andrews,SR - Penny
orangutan,Pongo pygmaeus,N,Y,Cylinder.Task,99.1,95.4,F,22,MPI - Leipzig,Dokana
orangutan,Pongo pygmaeus,N,Y,Cylinder.Task,99.1,95.4,F,11,MPI - Leipzig,Kila
orangutan,Pongo pygmaeus,N,Y,Cylinder.Task,99.1,95.4,F,13,MPI - Leipzig,Padana
orangutan,Pongo pygmaeus,N,Y,Cylinder.Task,99.1,95.4,F,23,MPI - Leipzig,Pini
orangutan,Pongo pygmaeus,N,Y,Cylinder.Task,99.1,95.4,F,7,MPI - Leipzig,Raaja
orangutan,Pongo pygmaeus,Y,N,Cylinder.Task,99.1,95.4,M,10,MPI-Leipzig,Bimbo
orangutan,Pongo pygmaeus,Y,N,Cylinder.Task,99.1,95.4,F,38,MPI-Leipzig,Dunja
orangutan,Pongo pygmaeus,Y,N,Cylinder.Task,99.1,95.4,F,13,MPI-Leipzig,Padana
orangutan,Pongo pygmaeus,Y,N,Cylinder.Task,99.1,95.4,F,23,MPI-Leipzig,Pini
orangutan,Pongo pygmaeus,Y,N,Cylinder.Task,99.1,95.4,F,7,MPI-Leipzig,Toba
orangutan,Pongo pygmaeus,Y,N,Cylinder.Task,99.1,95.4,M,21,MPI-Leipzig,Walter
orangutan,Pongo pygmaeus,Y,Y,Cylinder.Task,99.1,95.4,F,13,National Zoo,Batang
orangutan,Pongo pygmaeus,Y,Y,Cylinder.Task,99.1,95.4,F,33,National Zoo,Bonnie
orangutan,Pongo pygmaeus,Y,Y,Cylinder.Task,99.1,95.4,F,23,National Zoo,Iris
orangutan,Pongo pygmaeus,Y,Y,Cylinder.Task,99.1,95.4,M,22,National Zoo,Kiko
orangutan,Pongo pygmaeus,Y,Y,Cylinder.Task,99.1,95.4,M,13,National Zoo,Kyle
orangutan,Pongo pygmaeus,Y,Y,Cylinder.Task,99.1,95.4,F,37,National Zoo,Lucy
orangutan,Pongo pygmaeus,N,Y,A.not.B.Task,91.7,95.4,F,22,MPI - Leipzig,Dokana
orangutan,Pongo pygmaeus,N,Y,A.not.B.Task,91.7,95.4,F,11,MPI - Leipzig,Kila
orangutan,Pongo pygmaeus,N,Y,A.not.B.Task,91.7,95.4,F,13,MPI - Leipzig,Padana
orangutan,Pongo pygmaeus,N,Y,A.not.B.Task,91.7,95.4,F,23,MPI - Leipzig,Pini
orangutan,Pongo pygmaeus,N,Y,A.not.B.Task,91.7,95.4,F,7,MPI - Leipzig,Raaja
orangutan,Pongo pygmaeus,Y,N,A.not.B.Task,91.7,95.4,M,10,MPI-Leipzig,Bimbo
orangutan,Pongo pygmaeus,Y,N,A.not.B.Task,91.7,95.4,F,38,MPI-Leipzig,Dunja
orangutan,Pongo pygmaeus,Y,N,A.not.B.Task,91.7,95.4,F,13,MPI-Leipzig,Padana
orangutan,Pongo pygmaeus,Y,N,A.not.B.Task,91.7,95.4,F,23,MPI-Leipzig,Pini
orangutan,Pongo pygmaeus,Y,N,A.not.B.Task,91.7,95.4,F,7,MPI-Leipzig,Toba
orangutan,Pongo pygmaeus,Y,N,A.not.B.Task,91.7,95.4,M,21,MPI-Leipzig,Walter
orangutan,Pongo pygmaeus,Y,Y,A.not.B.Task,91.7,95.4,F,13,National Zoo,Batang
orangutan,Pongo pygmaeus,Y,Y,A.not.B.Task,91.7,95.4,F,33,National Zoo,Bonnie
orangutan,Pongo pygmaeus,Y,Y,A.not.B.Task,91.7,95.4,F,23,National Zoo,Iris
orangutan,Pongo pygmaeus,Y,Y,A.not.B.Task,91.7,95.4,M,22,National Zoo,Kiko
orangutan,Pongo pygmaeus,Y,Y,A.not.B.Task,91.7,95.4,M,13,National Zoo,Kyle
orangutan,Pongo pygmaeus,Y,Y,A.not.B.Task,91.7,95.4,F,37,National Zoo,Lucy
red-bellied lemur,Eulemur rubriventer,N,Y,Cylinder.Task,63.8,NA,F,22,Duke Lemur Center,Cheyenne
red-bellied lemur,Eulemur rubriventer,N,Y,Cylinder.Task,63.8,NA,F,26,Duke Lemur Center,Dido
red-bellied lemur,Eulemur rubriventer,N,Y,Cylinder.Task,63.8,NA,F,15,Duke Lemur Center,Fox
red-bellied lemur,Eulemur rubriventer,N,Y,Cylinder.Task,63.8,NA,M,24,Duke Lemur Center,Hannibal
red-bellied lemur,Eulemur rubriventer,N,Y,Cylinder.Task,63.8,NA,F,20,Duke Lemur Center,Hopi
red-bellied lemur,Eulemur rubriventer,N,Y,Cylinder.Task,63.8,NA,M,18,Duke Lemur Center,Iroquois
red-bellied lemur,Eulemur rubriventer,N,Y,Cylinder.Task,63.8,NA,M,28,Duke Lemur Center,Mohawk
red-bellied lemur,Eulemur rubriventer,N,Y,Cylinder.Task,63.8,NA,M,22,Duke Lemur Center,Navajo
red-bellied lemur,Eulemur rubriventer,N,Y,A.not.B.Task,NA,NA,F,22,Duke Lemur Center,Cheyenne
red-bellied lemur,Eulemur rubriventer,N,Y,A.not.B.Task,NA,NA,F,26,Duke Lemur Center,Dido
red-bellied lemur,Eulemur rubriventer,N,Y,A.not.B.Task,NA,NA,F,15,Duke Lemur Center,Fox
red-bellied lemur,Eulemur rubriventer,N,Y,A.not.B.Task,NA,NA,M,24,Duke Lemur Center,Hannibal
red-bellied lemur,Eulemur rubriventer,N,Y,A.not.B.Task,NA,NA,F,20,Duke Lemur Center,Hopi
red-bellied lemur,Eulemur rubriventer,N,Y,A.not.B.Task,NA,NA,M,18,Duke Lemur Center,Iroquois
red-bellied lemur,Eulemur rubriventer,N,Y,A.not.B.Task,NA,NA,M,28,Duke Lemur Center,Mohawk
red-bellied lemur,Eulemur rubriventer,N,Y,A.not.B.Task,NA,NA,M,22,Duke Lemur Center,Navajo
rhesus macaque,Macaca mulatta,N,Y,Cylinder.Task,80,NA,F,9,Duke University,Bails
rhesus macaque,Macaca mulatta,N,Y,Cylinder.Task,80,NA,F,14,Duke University,Boxer
rhesus macaque,Macaca mulatta,N,Y,Cylinder.Task,80,NA,F,9,Duke University,Curry
rhesus macaque,Macaca mulatta,N,Y,Cylinder.Task,80,NA,F,15,Duke University,Feinstein
rhesus macaque,Macaca mulatta,N,Y,Cylinder.Task,80,NA,F,14,Duke University,Mikulski
rhesus macaque,Macaca mulatta,N,Y,Cylinder.Task,80,NA,F,14,Duke University,Schroeder
rhesus macaque,Macaca mulatta,N,Y,A.not.B.Task,NA,NA,F,9,Duke University,Bails
rhesus macaque,Macaca mulatta,N,Y,A.not.B.Task,NA,NA,F,14,Duke University,Boxer
rhesus macaque,Macaca mulatta,N,Y,A.not.B.Task,NA,NA,F,9,Duke University,Curry
rhesus macaque,Macaca mulatta,N,Y,A.not.B.Task,NA,NA,F,15,Duke University,Feinstein
rhesus macaque,Macaca mulatta,N,Y,A.not.B.Task,NA,NA,F,14,Duke University,Mikulski
rhesus macaque,Macaca mulatta,N,Y,A.not.B.Task,NA,NA,F,14,Duke University,Schroeder
ring-tailed lemur,Lemur catta,Y,N,Cylinder.Task,68.099999999999994,54,M,19,Duke Lemur Center,Aracus
ring-tailed lemur,Lemur catta,Y,N,Cylinder.Task,68.099999999999994,54,M,17,Duke Lemur Center,Aristides
ring-tailed lemur,Lemur catta,Y,Y,Cylinder.Task,68.099999999999994,54,M,6,Duke Lemur Center,Berisades
ring-tailed lemur,Lemur catta,N,Y,Cylinder.Task,68.099999999999994,54,M,8,Duke Lemur Center,Cap N' Lee
ring-tailed lemur,Lemur catta,Y,Y,Cylinder.Task,68.099999999999994,54,F,25,Duke Lemur Center,Cleius
ring-tailed lemur,Lemur catta,N,Y,Cylinder.Task,68.099999999999994,54,F,21,Duke Lemur Center,Cleonomis
ring-tailed lemur,Lemur catta,N,Y,Cylinder.Task,68.099999999999994,54,F,2,Duke Lemur Center,Ginger
ring-tailed lemur,Lemur catta,Y,Y,Cylinder.Task,68.099999999999994,54,M,6,Duke Lemur Center,Ivy
ring-tailed lemur,Lemur catta,Y,N,Cylinder.Task,68.099999999999994,54,M,17,Duke Lemur Center,Licinius
ring-tailed lemur,Lemur catta,Y,Y,Cylinder.Task,68.099999999999994,54,F,5,Duke Lemur Center,Lilah
ring-tailed lemur,Lemur catta,N,Y,Cylinder.Task,68.099999999999994,54,M,21,Duke Lemur Center,Nemo
ring-tailed lemur,Lemur catta,N,Y,Cylinder.Task,68.099999999999994,54,F,5,Duke Lemur Center,Nicaea
ring-tailed lemur,Lemur catta,Y,N,Cylinder.Task,68.099999999999994,54,F,13,Duke Lemur Center,Sosiphanes
ring-tailed lemur,Lemur catta,Y,Y,Cylinder.Task,68.099999999999994,54,F,6,Duke Lemur Center,Tellus
ring-tailed lemur,Lemur catta,Y,Y,Cylinder.Task,68.099999999999994,54,M,15,Duke Lemur Center,Teres
ring-tailed lemur,Lemur catta,Y,N,A.not.B.Task,40,54,M,19,Duke Lemur Center,Aracus
ring-tailed lemur,Lemur catta,Y,N,A.not.B.Task,40,54,M,17,Duke Lemur Center,Aristides
ring-tailed lemur,Lemur catta,Y,Y,A.not.B.Task,40,54,M,6,Duke Lemur Center,Berisades
ring-tailed lemur,Lemur catta,N,Y,A.not.B.Task,40,54,M,8,Duke Lemur Center,Cap N' Lee
ring-tailed lemur,Lemur catta,Y,Y,A.not.B.Task,40,54,F,25,Duke Lemur Center,Cleius
ring-tailed lemur,Lemur catta,N,Y,A.not.B.Task,40,54,F,21,Duke Lemur Center,Cleonomis
ring-tailed lemur,Lemur catta,N,Y,A.not.B.Task,40,54,F,2,Duke Lemur Center,Ginger
ring-tailed lemur,Lemur catta,Y,Y,A.not.B.Task,40,54,M,6,Duke Lemur Center,Ivy
ring-tailed lemur,Lemur catta,Y,N,A.not.B.Task,40,54,M,17,Duke Lemur Center,Licinius
ring-tailed lemur,Lemur catta,Y,Y,A.not.B.Task,40,54,F,5,Duke Lemur Center,Lilah
ring-tailed lemur,Lemur catta,N,Y,A.not.B.Task,40,54,M,21,Duke Lemur Center,Nemo
ring-tailed lemur,Lemur catta,N,Y,A.not.B.Task,40,54,F,5,Duke Lemur Center,Nicaea
ring-tailed lemur,Lemur catta,Y,N,A.not.B.Task,40,54,F,13,Duke Lemur Center,Sosiphanes
ring-tailed lemur,Lemur catta,Y,Y,A.not.B.Task,40,54,F,6,Duke Lemur Center,Tellus
ring-tailed lemur,Lemur catta,Y,Y,A.not.B.Task,40,54,M,15,Duke Lemur Center,Teres
ruffed lemur,Varecia variegata,N,Y,Cylinder.Task,69.7,39.799999999999997,M,19,Duke Lemur Center,Alphard
ruffed lemur,Varecia variegata,Y,N,Cylinder.Task,69.7,39.799999999999997,M,29,Duke Lemur Center,Amor
ruffed lemur,Varecia variegata,N,Y,Cylinder.Task,69.7,39.799999999999997,F,19,Duke Lemur Center,Antlia
ruffed lemur,Varecia variegata,Y,Y,Cylinder.Task,69.7,39.799999999999997,M,3,Duke Lemur Center,Aries
ruffed lemur,Varecia variegata,Y,Y,Cylinder.Task,69.7,39.799999999999997,M,22,Duke Lemur Center,Borealis
ruffed lemur,Varecia variegata,Y,Y,Cylinder.Task,69.7,39.799999999999997,F,6,Duke Lemur Center,Carina
ruffed lemur,Varecia variegata,N,Y,Cylinder.Task,69.7,39.799999999999997,M,24,Duke Lemur Center,Comet
ruffed lemur,Varecia variegata,N,Y,Cylinder.Task,69.7,39.799999999999997,F,19,Duke Lemur Center,Diphda
ruffed lemur,Varecia variegata,Y,N,Cylinder.Task,69.7,39.799999999999997,M,1,Duke Lemur Center,Eros
ruffed lemur,Varecia variegata,Y,N,Cylinder.Task,69.7,39.799999999999997,F,1,Duke Lemur Center,Esther
ruffed lemur,Varecia variegata,N,Y,Cylinder.Task,69.7,39.799999999999997,F,12,Duke Lemur Center,Grace
ruffed lemur,Varecia variegata,N,Y,Cylinder.Task,69.7,39.799999999999997,M,12,Duke Lemur Center,Hunter
ruffed lemur,Varecia variegata,Y,N,Cylinder.Task,69.7,39.799999999999997,F,2,Duke Lemur Center,Hydra
ruffed lemur,Varecia variegata,N,Y,Cylinder.Task,69.7,39.799999999999997,M,4,Duke Lemur Center,Junior
ruffed lemur,Varecia variegata,Y,N,Cylinder.Task,69.7,39.799999999999997,F,5,Duke Lemur Center,Kizzy
ruffed lemur,Varecia variegata,N,Y,Cylinder.Task,69.7,39.799999999999997,F,6,Duke Lemur Center,Little Dipper
ruffed lemur,Varecia variegata,Y,N,Cylinder.Task,69.7,39.799999999999997,F,2,Duke Lemur Center,Lyra
ruffed lemur,Varecia variegata,Y,N,Cylinder.Task,69.7,39.799999999999997,M,3,Duke Lemur Center,Scorpius
ruffed lemur,Varecia variegata,N,Y,A.not.B.Task,10,39.799999999999997,M,19,Duke Lemur Center,Alphard
ruffed lemur,Varecia variegata,Y,N,A.not.B.Task,10,39.799999999999997,M,29,Duke Lemur Center,Amor
ruffed lemur,Varecia variegata,N,Y,A.not.B.Task,10,39.799999999999997,F,19,Duke Lemur Center,Antlia
ruffed lemur,Varecia variegata,Y,Y,A.not.B.Task,10,39.799999999999997,M,3,Duke Lemur Center,Aries
ruffed lemur,Varecia variegata,Y,Y,A.not.B.Task,10,39.799999999999997,M,22,Duke Lemur Center,Borealis
ruffed lemur,Varecia variegata,Y,Y,A.not.B.Task,10,39.799999999999997,F,6,Duke Lemur Center,Carina
ruffed lemur,Varecia variegata,N,Y,A.not.B.Task,10,39.799999999999997,M,24,Duke Lemur Center,Comet
ruffed lemur,Varecia variegata,N,Y,A.not.B.Task,10,39.799999999999997,F,19,Duke Lemur Center,Diphda
ruffed lemur,Varecia variegata,Y,N,A.not.B.Task,10,39.799999999999997,M,1,Duke Lemur Center,Eros
ruffed lemur,Varecia variegata,Y,N,A.not.B.Task,10,39.799999999999997,F,1,Duke Lemur Center,Esther
ruffed lemur,Varecia variegata,N,Y,A.not.B.Task,10,39.799999999999997,F,12,Duke Lemur Center,Grace
ruffed lemur,Varecia variegata,N,Y,A.not.B.Task,10,39.799999999999997,M,12,Duke Lemur Center,Hunter
ruffed lemur,Varecia variegata,Y,N,A.not.B.Task,10,39.799999999999997,F,2,Duke Lemur Center,Hydra
ruffed lemur,Varecia variegata,N,Y,A.not.B.Task,10,39.799999999999997,M,4,Duke Lemur Center,Junior
ruffed lemur,Varecia variegata,Y,N,A.not.B.Task,10,39.799999999999997,F,5,Duke Lemur Center,Kizzy
ruffed lemur,Varecia variegata,N,Y,A.not.B.Task,10,39.799999999999997,F,6,Duke Lemur Center,Little Dipper
ruffed lemur,Varecia variegata,Y,N,A.not.B.Task,10,39.799999999999997,F,2,Duke Lemur Center,Lyra
ruffed lemur,Varecia variegata,Y,N,A.not.B.Task,10,39.799999999999997,M,3,Duke Lemur Center,Scorpius
song sparrow,Melospiza melodia,N,Y,Cylinder.Task,26.5,NA,M,unknown,Duke University,Bk-OR
song sparrow,Melospiza melodia,N,Y,Cylinder.Task,26.5,NA,M,unknown,Duke University,FY-WW
song sparrow,Melospiza melodia,N,Y,Cylinder.Task,26.5,NA,M,unknown,Duke University,G-BkBk
song sparrow,Melospiza melodia,N,Y,Cylinder.Task,26.5,NA,M,unknown,Duke University,G-OO
song sparrow,Melospiza melodia,N,Y,Cylinder.Task,26.5,NA,M,unknown,Duke University,G-PkPk
song sparrow,Melospiza melodia,N,Y,Cylinder.Task,26.5,NA,M,unknown,Duke University,G-WG
song sparrow,Melospiza melodia,N,Y,Cylinder.Task,26.5,NA,M,unknown,Duke University,O-BkBk
song sparrow,Melospiza melodia,N,Y,Cylinder.Task,26.5,NA,M,unknown,Duke University,O-lBl lBl
song sparrow,Melospiza melodia,N,Y,Cylinder.Task,26.5,NA,M,unknown,Duke University,O-PuPu
song sparrow,Melospiza melodia,N,Y,Cylinder.Task,26.5,NA,M,unknown,Duke University,Pu-BkBk
song sparrow,Melospiza melodia,N,Y,Cylinder.Task,26.5,NA,M,unknown,Duke University,Pu-RR
song sparrow,Melospiza melodia,N,Y,Cylinder.Task,26.5,NA,M,unknown,Duke University,R-WdBl
song sparrow,Melospiza melodia,N,Y,Cylinder.Task,26.5,NA,M,unknown,Duke University,W-OW
song sparrow,Melospiza melodia,N,Y,Cylinder.Task,26.5,NA,M,unknown,Duke University,W-PkPk
song sparrow,Melospiza melodia,N,Y,Cylinder.Task,26.5,NA,M,unknown,Duke University,W-PuW
song sparrow,Melospiza melodia,N,Y,Cylinder.Task,26.5,NA,M,unknown,Duke University,W-RW
song sparrow,Melospiza melodia,N,Y,Cylinder.Task,26.5,NA,M,unknown,Duke University,Y-BkBk
song sparrow,Melospiza melodia,N,Y,Cylinder.Task,26.5,NA,M,unknown,Duke University,Y-dBldBl
song sparrow,Melospiza melodia,N,Y,Cylinder.Task,26.5,NA,M,unknown,Duke University,Y-OO
song sparrow,Melospiza melodia,N,Y,Cylinder.Task,26.5,NA,M,unknown,Duke University,Y-RY
song sparrow,Melospiza melodia,N,Y,A.not.B.Task,NA,NA,M,unknown,Duke University,Bk-OR
song sparrow,Melospiza melodia,N,Y,A.not.B.Task,NA,NA,M,unknown,Duke University,FY-WW
song sparrow,Melospiza melodia,N,Y,A.not.B.Task,NA,NA,M,unknown,Duke University,G-BkBk
song sparrow,Melospiza melodia,N,Y,A.not.B.Task,NA,NA,M,unknown,Duke University,G-OO
song sparrow,Melospiza melodia,N,Y,A.not.B.Task,NA,NA,M,unknown,Duke University,G-PkPk
song sparrow,Melospiza melodia,N,Y,A.not.B.Task,NA,NA,M,unknown,Duke University,G-WG
song sparrow,Melospiza melodia,N,Y,A.not.B.Task,NA,NA,M,unknown,Duke University,O-BkBk
song sparrow,Melospiza melodia,N,Y,A.not.B.Task,NA,NA,M,unknown,Duke University,O-lBl lBl
song sparrow,Melospiza melodia,N,Y,A.not.B.Task,NA,NA,M,unknown,Duke University,O-PuPu
song sparrow,Melospiza melodia,N,Y,A.not.B.Task,NA,NA,M,unknown,Duke University,Pu-BkBk
song sparrow,Melospiza melodia,N,Y,A.not.B.Task,NA,NA,M,unknown,Duke University,Pu-RR
song sparrow,Melospiza melodia,N,Y,A.not.B.Task,NA,NA,M,unknown,Duke University,R-WdBl
song sparrow,Melospiza melodia,N,Y,A.not.B.Task,NA,NA,M,unknown,Duke University,W-OW
song sparrow,Melospiza melodia,N,Y,A.not.B.Task,NA,NA,M,unknown,Duke University,W-PkPk
song sparrow,Melospiza melodia,N,Y,A.not.B.Task,NA,NA,M,unknown,Duke University,W-PuW
song sparrow,Melospiza melodia,N,Y,A.not.B.Task,NA,NA,M,unknown,Duke University,W-RW
song sparrow,Melospiza melodia,N,Y,A.not.B.Task,NA,NA,M,unknown,Duke University,Y-BkBk
song sparrow,Melospiza melodia,N,Y,A.not.B.Task,NA,NA,M,unknown,Duke University,Y-dBldBl
song sparrow,Melospiza melodia,N,Y,A.not.B.Task,NA,NA,M,unknown,Duke University,Y-OO
song sparrow,Melospiza melodia,N,Y,A.not.B.Task,NA,NA,M,unknown,Duke University,Y-RY
spider monkey,Ateles geoffroyi,Y,N,Cylinder.Task,NA,NA,F,subadult,Centenario Zoo,1
spider monkey,Ateles geoffroyi,Y,N,Cylinder.Task,NA,NA,F,subadult,Centenario Zoo,2
spider monkey,Ateles geoffroyi,Y,N,Cylinder.Task,NA,NA,M,subadult,Centenario Zoo,3
spider monkey,Ateles geoffroyi,Y,N,Cylinder.Task,NA,NA,M,subadult,Centenario Zoo,4
spider monkey,Ateles geoffroyi,Y,N,Cylinder.Task,NA,NA,F,adult,Centenario Zoo,8
spider monkey,Ateles geoffroyi,Y,N,Cylinder.Task,NA,NA,F,adult,Centenario Zoo,9
spider monkey,Ateles geoffroyi,Y,N,Cylinder.Task,NA,NA,F,adult,Centenario Zoo,11
spider monkey,Ateles geoffroyi,Y,N,Cylinder.Task,NA,NA,M,adult,Centenario Zoo,21
spider monkey,Ateles geoffroyi,Y,N,Cylinder.Task,NA,NA,M,adult,Centenario Zoo,22
spider monkey,Ateles geoffroyi,Y,N,Cylinder.Task,NA,NA,M,adult,Centenario Zoo,23
spider monkey,Ateles geoffroyi,Y,N,Cylinder.Task,NA,NA,F,subadult,Centenario Zoo,24
spider monkey,Ateles geoffroyi,Y,N,Cylinder.Task,NA,NA,F,adult,Centenario Zoo,26
spider monkey,Ateles geoffroyi,Y,N,Cylinder.Task,NA,NA,F,adult,Centenario Zoo,31
spider monkey,Ateles geoffroyi,Y,N,Cylinder.Task,NA,NA,F,subadult,Centenario Zoo,old 7
spider monkey,Ateles geoffroyi,Y,N,Cylinder.Task,NA,NA,F,adult,Centenario Zoo,old 9
spider monkey,Ateles geoffroyi,Y,N,A.not.B.Task,93.3,NA,F,subadult,Centenario Zoo,1
spider monkey,Ateles geoffroyi,Y,N,A.not.B.Task,93.3,NA,F,subadult,Centenario Zoo,2
spider monkey,Ateles geoffroyi,Y,N,A.not.B.Task,93.3,NA,M,subadult,Centenario Zoo,3
spider monkey,Ateles geoffroyi,Y,N,A.not.B.Task,93.3,NA,M,subadult,Centenario Zoo,4
spider monkey,Ateles geoffroyi,Y,N,A.not.B.Task,93.3,NA,F,adult,Centenario Zoo,8
spider monkey,Ateles geoffroyi,Y,N,A.not.B.Task,93.3,NA,F,adult,Centenario Zoo,9
spider monkey,Ateles geoffroyi,Y,N,A.not.B.Task,93.3,NA,F,adult,Centenario Zoo,11
spider monkey,Ateles geoffroyi,Y,N,A.not.B.Task,93.3,NA,M,adult,Centenario Zoo,21
spider monkey,Ateles geoffroyi,Y,N,A.not.B.Task,93.3,NA,M,adult,Centenario Zoo,22
spider monkey,Ateles geoffroyi,Y,N,A.not.B.Task,93.3,NA,M,adult,Centenario Zoo,23
spider monkey,Ateles geoffroyi,Y,N,A.not.B.Task,93.3,NA,F,subadult,Centenario Zoo,24
spider monkey,Ateles geoffroyi,Y,N,A.not.B.Task,93.3,NA,F,adult,Centenario Zoo,26
spider monkey,Ateles geoffroyi,Y,N,A.not.B.Task,93.3,NA,F,adult,Centenario Zoo,31
spider monkey,Ateles geoffroyi,Y,N,A.not.B.Task,93.3,NA,F,subadult,Centenario Zoo,old 7
spider monkey,Ateles geoffroyi,Y,N,A.not.B.Task,93.3,NA,F,adult,Centenario Zoo,old 9
squirrel monkey,Saimiri sciureus,Y,Y,Cylinder.Task,33.700000000000003,24.7,M,18,Kyoto University,Boo
squirrel monkey,Saimiri sciureus,Y,Y,Cylinder.Task,33.700000000000003,24.7,M,17,Kyoto University,Coboo
squirrel monkey,Saimiri sciureus,Y,Y,Cylinder.Task,33.700000000000003,24.7,F,16,Kyoto University,Gye
squirrel monkey,Saimiri sciureus,Y,Y,Cylinder.Task,33.700000000000003,24.7,F,16,Kyoto University,Homer
squirrel monkey,Saimiri sciureus,Y,Y,Cylinder.Task,33.700000000000003,24.7,F,4,Kyoto University,Kantaro
squirrel monkey,Saimiri sciureus,Y,Y,Cylinder.Task,33.700000000000003,24.7,F,14,Kyoto University,Lucca
squirrel monkey,Saimiri sciureus,Y,Y,Cylinder.Task,33.700000000000003,24.7,M,9,Kyoto University,Roi
squirrel monkey,Saimiri sciureus,Y,Y,Cylinder.Task,33.700000000000003,24.7,F,9,Kyoto University,Sayuri
squirrel monkey,Saimiri sciureus,Y,Y,Cylinder.Task,33.700000000000003,24.7,F,4,Kyoto University,Sora
squirrel monkey,Saimiri sciureus,Y,Y,Cylinder.Task,33.700000000000003,24.7,F,14,Kyoto University,Yaya
squirrel monkey,Saimiri sciureus,Y,Y,Cylinder.Task,33.700000000000003,24.7,F,7,University of St. Andrews,Cali
squirrel monkey,Saimiri sciureus,Y,Y,Cylinder.Task,33.700000000000003,24.7,F,7,University of St. Andrews,Ellie
squirrel monkey,Saimiri sciureus,Y,Y,Cylinder.Task,33.700000000000003,24.7,F,10,University of St. Andrews,Jasmine
squirrel monkey,Saimiri sciureus,Y,Y,Cylinder.Task,33.700000000000003,24.7,F,2,University of St. Andrews,Lexi
squirrel monkey,Saimiri sciureus,Y,Y,Cylinder.Task,33.700000000000003,24.7,M,12,University of St. Andrews,Rio
squirrel monkey,Saimiri sciureus,Y,Y,Cylinder.Task,33.700000000000003,24.7,F,9,University of St. Andrews,Roca
squirrel monkey,Saimiri sciureus,Y,Y,Cylinder.Task,33.700000000000003,24.7,F,3,University of St. Andrews,Sancha
squirrel monkey,Saimiri sciureus,Y,Y,Cylinder.Task,33.700000000000003,24.7,F,11,University of St. Andrews,Tatu
squirrel monkey,Saimiri sciureus,Y,Y,Cylinder.Task,33.700000000000003,24.7,F,6,University of St. Andrews,Toomi
squirrel monkey,Saimiri sciureus,Y,Y,A.not.B.Task,15.8,24.7,M,18,Kyoto University,Boo
squirrel monkey,Saimiri sciureus,Y,Y,A.not.B.Task,15.8,24.7,M,17,Kyoto University,Coboo
squirrel monkey,Saimiri sciureus,Y,Y,A.not.B.Task,15.8,24.7,F,16,Kyoto University,Gye
squirrel monkey,Saimiri sciureus,Y,Y,A.not.B.Task,15.8,24.7,F,16,Kyoto University,Homer
squirrel monkey,Saimiri sciureus,Y,Y,A.not.B.Task,15.8,24.7,F,4,Kyoto University,Kantaro
squirrel monkey,Saimiri sciureus,Y,Y,A.not.B.Task,15.8,24.7,F,14,Kyoto University,Lucca
squirrel monkey,Saimiri sciureus,Y,Y,A.not.B.Task,15.8,24.7,M,9,Kyoto University,Roi
squirrel monkey,Saimiri sciureus,Y,Y,A.not.B.Task,15.8,24.7,F,9,Kyoto University,Sayuri
squirrel monkey,Saimiri sciureus,Y,Y,A.not.B.Task,15.8,24.7,F,4,Kyoto University,Sora
squirrel monkey,Saimiri sciureus,Y,Y,A.not.B.Task,15.8,24.7,F,14,Kyoto University,Yaya
squirrel monkey,Saimiri sciureus,Y,Y,A.not.B.Task,15.8,24.7,F,7,University of St. Andrews,Cali
squirrel monkey,Saimiri sciureus,Y,Y,A.not.B.Task,15.8,24.7,F,7,University of St. Andrews,Ellie
squirrel monkey,Saimiri sciureus,Y,Y,A.not.B.Task,15.8,24.7,F,10,University of St. Andrews,Jasmine
squirrel monkey,Saimiri sciureus,Y,Y,A.not.B.Task,15.8,24.7,F,2,University of St. Andrews,Lexi
squirrel monkey,Saimiri sciureus,Y,Y,A.not.B.Task,15.8,24.7,M,12,University of St. Andrews,Rio
squirrel monkey,Saimiri sciureus,Y,Y,A.not.B.Task,15.8,24.7,F,9,University of St. Andrews,Roca
squirrel monkey,Saimiri sciureus,Y,Y,A.not.B.Task,15.8,24.7,F,3,University of St. Andrews,Sancha
squirrel monkey,Saimiri sciureus,Y,Y,A.not.B.Task,15.8,24.7,F,11,University of St. Andrews,Tatu
squirrel monkey,Saimiri sciureus,Y,Y,A.not.B.Task,15.8,24.7,F,6,University of St. Andrews,Toomi
stump-tailed macaque,Macaca arctoides,Y,N,Cylinder.Task,NA,NA,M,21,Peking University,Sub1
stump-tailed macaque,Macaca arctoides,Y,N,Cylinder.Task,NA,NA,M,22,Peking University,Sub2
stump-tailed macaque,Macaca arctoides,Y,N,Cylinder.Task,NA,NA,M,21,Peking University,Sub3
stump-tailed macaque,Macaca arctoides,Y,N,Cylinder.Task,NA,NA,M,8,Peking University,Sub4
stump-tailed macaque,Macaca arctoides,Y,N,Cylinder.Task,NA,NA,M,21,Peking University,Sub5
stump-tailed macaque,Macaca arctoides,Y,N,Cylinder.Task,NA,NA,F,9,Peking University,Sub6
stump-tailed macaque,Macaca arctoides,Y,N,Cylinder.Task,NA,NA,M,27,Peking University,Sub7
stump-tailed macaque,Macaca arctoides,Y,N,A.not.B.Task,57.1,NA,M,21,Peking University,Sub1
stump-tailed macaque,Macaca arctoides,Y,N,A.not.B.Task,57.1,NA,M,22,Peking University,Sub2
stump-tailed macaque,Macaca arctoides,Y,N,A.not.B.Task,57.1,NA,M,21,Peking University,Sub3
stump-tailed macaque,Macaca arctoides,Y,N,A.not.B.Task,57.1,NA,M,8,Peking University,Sub4
stump-tailed macaque,Macaca arctoides,Y,N,A.not.B.Task,57.1,NA,M,21,Peking University,Sub5
stump-tailed macaque,Macaca arctoides,Y,N,A.not.B.Task,57.1,NA,F,9,Peking University,Sub6
stump-tailed macaque,Macaca arctoides,Y,N,A.not.B.Task,57.1,NA,M,27,Peking University,Sub7
swamp sparrow,Melospiza georgiana,N,Y,Cylinder.Task,26.1,NA,F,unknown,Duke University,sw640
swamp sparrow,Melospiza georgiana,N,Y,Cylinder.Task,26.1,NA,F,unknown,Duke University,sw641
swamp sparrow,Melospiza georgiana,N,Y,Cylinder.Task,26.1,NA,F,unknown,Duke University,sw642
swamp sparrow,Melospiza georgiana,N,Y,Cylinder.Task,26.1,NA,F,unknown,Duke University,sw643
swamp sparrow,Melospiza georgiana,N,Y,Cylinder.Task,26.1,NA,F,unknown,Duke University,sw644
swamp sparrow,Melospiza georgiana,N,Y,Cylinder.Task,26.1,NA,F,unknown,Duke University,sw645
swamp sparrow,Melospiza georgiana,N,Y,Cylinder.Task,26.1,NA,F,unknown,Duke University,sw646
swamp sparrow,Melospiza georgiana,N,Y,Cylinder.Task,26.1,NA,F,unknown,Duke University,sw650
swamp sparrow,Melospiza georgiana,N,Y,Cylinder.Task,26.1,NA,F,unknown,Duke University,sw652
swamp sparrow,Melospiza georgiana,N,Y,Cylinder.Task,26.1,NA,F,unknown,Duke University,sw654
swamp sparrow,Melospiza georgiana,N,Y,Cylinder.Task,26.1,NA,F,unknown,Duke University,sw655
swamp sparrow,Melospiza georgiana,N,Y,Cylinder.Task,26.1,NA,F,unknown,Duke University,sw656
swamp sparrow,Melospiza georgiana,N,Y,Cylinder.Task,26.1,NA,F,unknown,Duke University,sw657
swamp sparrow,Melospiza georgiana,N,Y,Cylinder.Task,26.1,NA,F,unknown,Duke University,sw658
swamp sparrow,Melospiza georgiana,N,Y,Cylinder.Task,26.1,NA,F,unknown,Duke University,sw659
swamp sparrow,Melospiza georgiana,N,Y,Cylinder.Task,26.1,NA,F,unknown,Duke University,sw661
swamp sparrow,Melospiza georgiana,N,Y,Cylinder.Task,26.1,NA,F,unknown,Duke University,sw662
swamp sparrow,Melospiza georgiana,N,Y,Cylinder.Task,26.1,NA,F,unknown,Duke University,sw663
swamp sparrow,Melospiza georgiana,N,Y,Cylinder.Task,26.1,NA,F,unknown,Duke University,sw665
swamp sparrow,Melospiza georgiana,N,Y,Cylinder.Task,26.1,NA,F,unknown,Duke University,sw666
swamp sparrow,Melospiza georgiana,N,Y,Cylinder.Task,26.1,NA,F,unknown,Duke University,sw667
swamp sparrow,Melospiza georgiana,N,Y,Cylinder.Task,26.1,NA,F,unknown,Duke University,sw668
swamp sparrow,Melospiza georgiana,N,Y,Cylinder.Task,26.1,NA,F,unknown,Duke University,sw669
swamp sparrow,Melospiza georgiana,N,Y,A.not.B.Task,NA,NA,F,unknown,Duke University,sw640
swamp sparrow,Melospiza georgiana,N,Y,A.not.B.Task,NA,NA,F,unknown,Duke University,sw641
swamp sparrow,Melospiza georgiana,N,Y,A.not.B.Task,NA,NA,F,unknown,Duke University,sw642
swamp sparrow,Melospiza georgiana,N,Y,A.not.B.Task,NA,NA,F,unknown,Duke University,sw643
swamp sparrow,Melospiza georgiana,N,Y,A.not.B.Task,NA,NA,F,unknown,Duke University,sw644
swamp sparrow,Melospiza georgiana,N,Y,A.not.B.Task,NA,NA,F,unknown,Duke University,sw645
swamp sparrow,Melospiza georgiana,N,Y,A.not.B.Task,NA,NA,F,unknown,Duke University,sw646
swamp sparrow,Melospiza georgiana,N,Y,A.not.B.Task,NA,NA,F,unknown,Duke University,sw650
swamp sparrow,Melospiza georgiana,N,Y,A.not.B.Task,NA,NA,F,unknown,Duke University,sw652
swamp sparrow,Melospiza georgiana,N,Y,A.not.B.Task,NA,NA,F,unknown,Duke University,sw654
swamp sparrow,Melospiza georgiana,N,Y,A.not.B.Task,NA,NA,F,unknown,Duke University,sw655
swamp sparrow,Melospiza georgiana,N,Y,A.not.B.Task,NA,NA,F,unknown,Duke University,sw656
swamp sparrow,Melospiza georgiana,N,Y,A.not.B.Task,NA,NA,F,unknown,Duke University,sw657
swamp sparrow,Melospiza georgiana,N,Y,A.not.B.Task,NA,NA,F,unknown,Duke University,sw658
swamp sparrow,Melospiza georgiana,N,Y,A.not.B.Task,NA,NA,F,unknown,Duke University,sw659
swamp sparrow,Melospiza georgiana,N,Y,A.not.B.Task,NA,NA,F,unknown,Duke University,sw661
swamp sparrow,Melospiza georgiana,N,Y,A.not.B.Task,NA,NA,F,unknown,Duke University,sw662
swamp sparrow,Melospiza georgiana,N,Y,A.not.B.Task,NA,NA,F,unknown,Duke University,sw663
swamp sparrow,Melospiza georgiana,N,Y,A.not.B.Task,NA,NA,F,unknown,Duke University,sw665
swamp sparrow,Melospiza georgiana,N,Y,A.not.B.Task,NA,NA,F,unknown,Duke University,sw666
swamp sparrow,Melospiza georgiana,N,Y,A.not.B.Task,NA,NA,F,unknown,Duke University,sw667
swamp sparrow,Melospiza georgiana,N,Y,A.not.B.Task,NA,NA,F,unknown,Duke University,sw668
swamp sparrow,Melospiza georgiana,N,Y,A.not.B.Task,NA,NA,F,unknown,Duke University,sw669
western scrub jay,Aphelocoma californica,Y,Y,Cylinder.Task,76.7,46.7,M,4,University of Cambridge,scrub201
western scrub jay,Aphelocoma californica,Y,Y,Cylinder.Task,76.7,46.7,unknown,4,University of Cambridge,scrub203
western scrub jay,Aphelocoma californica,Y,N,Cylinder.Task,76.7,46.7,M,4,University of Cambridge,scrub220
western scrub jay,Aphelocoma californica,Y,Y,Cylinder.Task,76.7,46.7,M,4,University of Cambridge,scrub222
western scrub jay,Aphelocoma californica,Y,Y,Cylinder.Task,76.7,46.7,F,4,University of Cambridge,scrub223
western scrub jay,Aphelocoma californica,Y,Y,Cylinder.Task,76.7,46.7,F,4,University of Cambridge,scrub224
western scrub jay,Aphelocoma californica,N,Y,Cylinder.Task,76.7,46.7,unknown,4,University of Cambridge,scrub229
western scrub jay,Aphelocoma californica,Y,Y,A.not.B.Task,16.7,46.7,M,4,University of Cambridge,scrub201
western scrub jay,Aphelocoma californica,Y,Y,A.not.B.Task,16.7,46.7,unknown,4,University of Cambridge,scrub203
western scrub jay,Aphelocoma californica,Y,N,A.not.B.Task,16.7,46.7,M,4,University of Cambridge,scrub220
western scrub jay,Aphelocoma californica,Y,Y,A.not.B.Task,16.7,46.7,M,4,University of Cambridge,scrub222
western scrub jay,Aphelocoma californica,Y,Y,A.not.B.Task,16.7,46.7,F,4,University of Cambridge,scrub223
western scrub jay,Aphelocoma californica,Y,Y,A.not.B.Task,16.7,46.7,F,4,University of Cambridge,scrub224
western scrub jay,Aphelocoma californica,N,Y,A.not.B.Task,16.7,46.7,unknown,4,University of Cambridge,scrub229
white carnea pigeon,Columba livia,NA,NA,Cylinder.Task,32.5,43.5,NA,NA,NA,NA
white carnea pigeon,Columba livia,NA,NA,A.not.B.Task,54.5,43.5,NA,NA,NA,NA
zebra finch,Taeniopygia guttata,N,Y,Cylinder.Task,52.2,NA,M,unknown,Duke University,zf 100
zebra finch,Taeniopygia guttata,N,Y,Cylinder.Task,52.2,NA,M,unknown,Duke University,zf 101
zebra finch,Taeniopygia guttata,N,Y,Cylinder.Task,52.2,NA,M,unknown,Duke University,zf 102
zebra finch,Taeniopygia guttata,N,Y,Cylinder.Task,52.2,NA,F,unknown,Duke University,zf 104
zebra finch,Taeniopygia guttata,N,Y,Cylinder.Task,52.2,NA,M,unknown,Duke University,zf 105
zebra finch,Taeniopygia guttata,N,Y,Cylinder.Task,52.2,NA,M,unknown,Duke University,zf 35
zebra finch,Taeniopygia guttata,N,Y,Cylinder.Task,52.2,NA,M,unknown,Duke University,zf 38
zebra finch,Taeniopygia guttata,N,Y,Cylinder.Task,52.2,NA,F,unknown,Duke University,zf 40
zebra finch,Taeniopygia guttata,N,Y,Cylinder.Task,52.2,NA,F,unknown,Duke University,zf 42
zebra finch,Taeniopygia guttata,N,Y,Cylinder.Task,52.2,NA,M,unknown,Duke University,zf 43
zebra finch,Taeniopygia guttata,N,Y,Cylinder.Task,52.2,NA,F,unknown,Duke University,zf 44
zebra finch,Taeniopygia guttata,N,Y,Cylinder.Task,52.2,NA,F,unknown,Duke University,zf 45
zebra finch,Taeniopygia guttata,N,Y,Cylinder.Task,52.2,NA,M,unknown,Duke University,zf 49
zebra finch,Taeniopygia guttata,N,Y,Cylinder.Task,52.2,NA,F,unknown,Duke University,zf 50
zebra finch,Taeniopygia guttata,N,Y,Cylinder.Task,52.2,NA,F,unknown,Duke University,zf 51
zebra finch,Taeniopygia guttata,N,Y,Cylinder.Task,52.2,NA,M,unknown,Duke University,zf 52
zebra finch,Taeniopygia guttata,N,Y,Cylinder.Task,52.2,NA,F,unknown,Duke University,zf 53
zebra finch,Taeniopygia guttata,N,Y,Cylinder.Task,52.2,NA,F,unknown,Duke University,zf 54
zebra finch,Taeniopygia guttata,N,Y,Cylinder.Task,52.2,NA,F,unknown,Duke University,zf 55
zebra finch,Taeniopygia guttata,N,Y,Cylinder.Task,52.2,NA,F,unknown,Duke University,zf 56
zebra finch,Taeniopygia guttata,N,Y,Cylinder.Task,52.2,NA,M,unknown,Duke University,zf 58
zebra finch,Taeniopygia guttata,N,Y,Cylinder.Task,52.2,NA,F,unknown,Duke University,zf 61
zebra finch,Taeniopygia guttata,N,Y,Cylinder.Task,52.2,NA,F,unknown,Duke University,zf 62
zebra finch,Taeniopygia guttata,N,Y,Cylinder.Task,52.2,NA,M,unknown,Duke University,zf 63
zebra finch,Taeniopygia guttata,N,Y,Cylinder.Task,52.2,NA,M,unknown,Duke University,zf 66
zebra finch,Taeniopygia guttata,N,Y,Cylinder.Task,52.2,NA,M,unknown,Duke University,zf 67
zebra finch,Taeniopygia guttata,N,Y,Cylinder.Task,52.2,NA,F,unknown,Duke University,zf 68
zebra finch,Taeniopygia guttata,N,Y,Cylinder.Task,52.2,NA,M,unknown,Duke University,zf 70
zebra finch,Taeniopygia guttata,N,Y,Cylinder.Task,52.2,NA,F,unknown,Duke University,zf 71
zebra finch,Taeniopygia guttata,N,Y,Cylinder.Task,52.2,NA,F,unknown,Duke University,zf 73
zebra finch,Taeniopygia guttata,N,Y,Cylinder.Task,52.2,NA,M,unknown,Duke University,zf 75
zebra finch,Taeniopygia guttata,N,Y,Cylinder.Task,52.2,NA,F,unknown,Duke University,zf 79
zebra finch,Taeniopygia guttata,N,Y,Cylinder.Task,52.2,NA,F,unknown,Duke University,zf 80
zebra finch,Taeniopygia guttata,N,Y,Cylinder.Task,52.2,NA,M,unknown,Duke University,zf 81
zebra finch,Taeniopygia guttata,N,Y,Cylinder.Task,52.2,NA,F,unknown,Duke University,zf 82
zebra finch,Taeniopygia guttata,N,Y,Cylinder.Task,52.2,NA,M,unknown,Duke University,zf 83
zebra finch,Taeniopygia guttata,N,Y,Cylinder.Task,52.2,NA,M,unknown,Duke University,zf 85
zebra finch,Taeniopygia guttata,N,Y,Cylinder.Task,52.2,NA,F,unknown,Duke University,zf 87
zebra finch,Taeniopygia guttata,N,Y,Cylinder.Task,52.2,NA,F,unknown,Duke University,zf 88
zebra finch,Taeniopygia guttata,N,Y,Cylinder.Task,52.2,NA,F,unknown,Duke University,zf 89
zebra finch,Taeniopygia guttata,N,Y,Cylinder.Task,52.2,NA,M,unknown,Duke University,zf 91
zebra finch,Taeniopygia guttata,N,Y,Cylinder.Task,52.2,NA,M,unknown,Duke University,zf 94
zebra finch,Taeniopygia guttata,N,Y,Cylinder.Task,52.2,NA,M,unknown,Duke University,zf 96
zebra finch,Taeniopygia guttata,N,Y,Cylinder.Task,52.2,NA,F,unknown,Duke University,zf 97
zebra finch,Taeniopygia guttata,N,Y,Cylinder.Task,52.2,NA,F,unknown,Duke University,zf 98
zebra finch,Taeniopygia guttata,N,Y,Cylinder.Task,52.2,NA,M,unknown,Duke University,zf 99
zebra finch,Taeniopygia guttata,N,Y,Cylinder.Task,52.2,NA,M,unknown,Duke University,zf47
zebra finch,Taeniopygia guttata,N,Y,A.not.B.Task,NA,NA,M,unknown,Duke University,zf 100
zebra finch,Taeniopygia guttata,N,Y,A.not.B.Task,NA,NA,M,unknown,Duke University,zf 101
zebra finch,Taeniopygia guttata,N,Y,A.not.B.Task,NA,NA,M,unknown,Duke University,zf 102
zebra finch,Taeniopygia guttata,N,Y,A.not.B.Task,NA,NA,F,unknown,Duke University,zf 104
zebra finch,Taeniopygia guttata,N,Y,A.not.B.Task,NA,NA,M,unknown,Duke University,zf 105
zebra finch,Taeniopygia guttata,N,Y,A.not.B.Task,NA,NA,M,unknown,Duke University,zf 35
zebra finch,Taeniopygia guttata,N,Y,A.not.B.Task,NA,NA,M,unknown,Duke University,zf 38
zebra finch,Taeniopygia guttata,N,Y,A.not.B.Task,NA,NA,F,unknown,Duke University,zf 40
zebra finch,Taeniopygia guttata,N,Y,A.not.B.Task,NA,NA,F,unknown,Duke University,zf 42
zebra finch,Taeniopygia guttata,N,Y,A.not.B.Task,NA,NA,M,unknown,Duke University,zf 43
zebra finch,Taeniopygia guttata,N,Y,A.not.B.Task,NA,NA,F,unknown,Duke University,zf 44
zebra finch,Taeniopygia guttata,N,Y,A.not.B.Task,NA,NA,F,unknown,Duke University,zf 45
zebra finch,Taeniopygia guttata,N,Y,A.not.B.Task,NA,NA,M,unknown,Duke University,zf 49
zebra finch,Taeniopygia guttata,N,Y,A.not.B.Task,NA,NA,F,unknown,Duke University,zf 50
zebra finch,Taeniopygia guttata,N,Y,A.not.B.Task,NA,NA,F,unknown,Duke University,zf 51
zebra finch,Taeniopygia guttata,N,Y,A.not.B.Task,NA,NA,M,unknown,Duke University,zf 52
zebra finch,Taeniopygia guttata,N,Y,A.not.B.Task,NA,NA,F,unknown,Duke University,zf 53
zebra finch,Taeniopygia guttata,N,Y,A.not.B.Task,NA,NA,F,unknown,Duke University,zf 54
zebra finch,Taeniopygia guttata,N,Y,A.not.B.Task,NA,NA,F,unknown,Duke University,zf 55
zebra finch,Taeniopygia guttata,N,Y,A.not.B.Task,NA,NA,F,unknown,Duke University,zf 56
zebra finch,Taeniopygia guttata,N,Y,A.not.B.Task,NA,NA,M,unknown,Duke University,zf 58
zebra finch,Taeniopygia guttata,N,Y,A.not.B.Task,NA,NA,F,unknown,Duke University,zf 61
zebra finch,Taeniopygia guttata,N,Y,A.not.B.Task,NA,NA,F,unknown,Duke University,zf 62
zebra finch,Taeniopygia guttata,N,Y,A.not.B.Task,NA,NA,M,unknown,Duke University,zf 63
zebra finch,Taeniopygia guttata,N,Y,A.not.B.Task,NA,NA,M,unknown,Duke University,zf 66
zebra finch,Taeniopygia guttata,N,Y,A.not.B.Task,NA,NA,M,unknown,Duke University,zf 67
zebra finch,Taeniopygia guttata,N,Y,A.not.B.Task,NA,NA,F,unknown,Duke University,zf 68
zebra finch,Taeniopygia guttata,N,Y,A.not.B.Task,NA,NA,M,unknown,Duke University,zf 70
zebra finch,Taeniopygia guttata,N,Y,A.not.B.Task,NA,NA,F,unknown,Duke University,zf 71
zebra finch,Taeniopygia guttata,N,Y,A.not.B.Task,NA,NA,F,unknown,Duke University,zf 73
zebra finch,Taeniopygia guttata,N,Y,A.not.B.Task,NA,NA,M,unknown,Duke University,zf 75
zebra finch,Taeniopygia guttata,N,Y,A.not.B.Task,NA,NA,F,unknown,Duke University,zf 79
zebra finch,Taeniopygia guttata,N,Y,A.not.B.Task,NA,NA,F,unknown,Duke University,zf 80
zebra finch,Taeniopygia guttata,N,Y,A.not.B.Task,NA,NA,M,unknown,Duke University,zf 81
zebra finch,Taeniopygia guttata,N,Y,A.not.B.Task,NA,NA,F,unknown,Duke University,zf 82
zebra finch,Taeniopygia guttata,N,Y,A.not.B.Task,NA,NA,M,unknown,Duke University,zf 83
zebra finch,Taeniopygia guttata,N,Y,A.not.B.Task,NA,NA,M,unknown,Duke University,zf 85
zebra finch,Taeniopygia guttata,N,Y,A.not.B.Task,NA,NA,F,unknown,Duke University,zf 87
zebra finch,Taeniopygia guttata,N,Y,A.not.B.Task,NA,NA,F,unknown,Duke University,zf 88
zebra finch,Taeniopygia guttata,N,Y,A.not.B.Task,NA,NA,F,unknown,Duke University,zf 89
zebra finch,Taeniopygia guttata,N,Y,A.not.B.Task,NA,NA,M,unknown,Duke University,zf 91
zebra finch,Taeniopygia guttata,N,Y,A.not.B.Task,NA,NA,M,unknown,Duke University,zf 94
zebra finch,Taeniopygia guttata,N,Y,A.not.B.Task,NA,NA,M,unknown,Duke University,zf 96
zebra finch,Taeniopygia guttata,N,Y,A.not.B.Task,NA,NA,F,unknown,Duke University,zf 97
zebra finch,Taeniopygia guttata,N,Y,A.not.B.Task,NA,NA,F,unknown,Duke University,zf 98
zebra finch,Taeniopygia guttata,N,Y,A.not.B.Task,NA,NA,M,unknown,Duke University,zf 99
zebra finch,Taeniopygia guttata,N,Y,A.not.B.Task,NA,NA,M,unknown,Duke University,zf47
